timestamp,density,num_cars,spawn_prob,min_gap,actual_vehicle_count,target_vehicle_count
1769249019.7709253,MEDIUM,,,,2,6
1769249020.7929707,MEDIUM,,,,2,6
1769249021.811879,MEDIUM,,,,2,6
1769249022.81197,MEDIUM,,,,2,6
1769249023.8378844,MEDIUM,,,,2,6
1769249024.840257,MEDIUM,,,,2,6
1769249025.8582647,MEDIUM,,,,2,6
1769249026.8811007,MEDIUM,,,,2,6
1769249027.904515,MEDIUM,,,,2,6
1769249028.92653,MEDIUM,,,,2,6
1769249029.9516087,MEDIUM,,,,2,6
1769249030.9739602,MEDIUM,,,,2,6
1769249031.991033,MEDIUM,,,,2,6
1769249033.0098226,MEDIUM,,,,2,6
1769249034.0313544,MEDIUM,,,,2,6
1769249035.0522985,MEDIUM,,,,2,6
1769249036.0709045,MEDIUM,,,,2,6
1769249037.0931296,MEDIUM,,,,2,6
1769249038.1129434,MEDIUM,,,,2,6
1769249039.1299107,MEDIUM,,,,2,6
1769249040.1544855,MEDIUM,,,,2,6
1769249041.1590056,MEDIUM,,,,2,6
1769249042.177317,MEDIUM,,,,2,6
1769249043.1973403,MEDIUM,,,,2,6
1769249044.220287,MEDIUM,,,,2,6
1769249045.2429638,MEDIUM,,,,2,6
1769249046.267811,MEDIUM,,,,2,6
1769249047.275648,MEDIUM,,,,2,6
1769249048.2923365,MEDIUM,,,,2,6
1769249049.2959044,MEDIUM,,,,2,6
1769249050.320045,MEDIUM,,,,2,6
1769249051.3246324,MEDIUM,,,,2,6
1769249052.3278837,MEDIUM,,,,2,6
1769249053.350854,MEDIUM,,,,2,6
1769249054.3767083,MEDIUM,,,,2,6
1769249055.3824992,MEDIUM,,,,2,6
1769249056.386045,MEDIUM,,,,2,6
1769249057.3890011,MEDIUM,,,,2,6
1769249058.4105792,MEDIUM,,,,2,6
1769249059.4322011,MEDIUM,,,,2,6
1769249060.4569669,MEDIUM,,,,1,6
1769249061.458524,MEDIUM,,,,1,6
1769249062.4824347,MEDIUM,,,,2,6
1769249063.5073526,MEDIUM,,,,2,6
1769249064.5317376,MEDIUM,,,,1,6
1769249065.5510948,MEDIUM,,,,1,6
1769249066.553942,MEDIUM,,,,2,6
1769249067.5766466,MEDIUM,,,,2,6
1769249068.5820158,MEDIUM,,,,2,6
1769249069.5836012,MEDIUM,,,,2,6
1769249070.5909305,MEDIUM,,,,2,6
1769249071.5929236,MEDIUM,,,,2,6
1769249072.5934236,MEDIUM,,,,2,6
1769249073.615637,MEDIUM,,,,2,6
1769249074.6182613,MEDIUM,,,,2,6
1769249075.619589,MEDIUM,,,,1,6
1769249076.6201196,MEDIUM,,,,2,6
1769249077.6281924,MEDIUM,,,,2,6
1769249078.6328053,MEDIUM,,,,2,6
1769249079.6350133,MEDIUM,,,,2,6
1769249080.6357503,MEDIUM,,,,2,6
1769249081.6362047,MEDIUM,,,,2,6
1769249082.6380377,MEDIUM,,,,2,6
1769249083.6405818,MEDIUM,,,,2,6
1769249084.6434617,MEDIUM,,,,2,6
1769249085.6439025,MEDIUM,,,,2,6
1769249086.6704516,MEDIUM,,,,2,6
1769249087.6916409,MEDIUM,,,,2,6
1769249088.7157156,MEDIUM,,,,2,6
1769249089.7393913,MEDIUM,,,,1,6
1769249090.7645059,MEDIUM,,,,2,6
1769249091.7647579,MEDIUM,,,,2,6
1769249092.7706673,MEDIUM,,,,2,6
1769249093.770847,MEDIUM,,,,2,6
1769249094.7931519,MEDIUM,,,,2,6
1769249095.7934895,MEDIUM,,,,2,6
1769249096.7945466,MEDIUM,,,,2,6
1769249097.8115754,MEDIUM,,,,2,6
1769249098.8330004,MEDIUM,,,,2,6
1769249099.857927,MEDIUM,,,,2,6
1769249100.8832471,MEDIUM,,,,2,6
1769249101.885732,MEDIUM,,,,2,6
1769249102.888124,MEDIUM,,,,2,6
1769249103.8923886,MEDIUM,,,,2,6
1769249104.9176946,MEDIUM,,,,2,6
1769249105.9195366,MEDIUM,,,,2,6
1769249106.9440348,MEDIUM,,,,2,6
1769249107.9677615,MEDIUM,,,,2,6
1769249108.9726546,MEDIUM,,,,2,6
1769249109.981597,MEDIUM,,,,2,6
1769249110.9830194,MEDIUM,,,,2,6
1769249111.9880018,MEDIUM,,,,2,6
1769249113.0146577,MEDIUM,,,,2,6
1769249114.017158,MEDIUM,,,,2,6
1769249115.0424323,MEDIUM,,,,2,6
1769249116.0499535,MEDIUM,,,,2,6
1769249117.0545013,MEDIUM,,,,2,6
1769249118.0573194,MEDIUM,,,,2,6
1769249119.0621922,MEDIUM,,,,2,6
1769249120.081996,MEDIUM,,,,2,6
1769249121.1053748,MEDIUM,,,,2,6
1769249122.1060278,MEDIUM,,,,2,6
1769249123.1305633,MEDIUM,,,,1,6
1769249124.1321855,MEDIUM,,,,2,6
1769249125.1329436,MEDIUM,,,,2,6
1769249126.1593745,MEDIUM,,,,2,6
1769249127.184672,MEDIUM,,,,2,6
1769249128.1881008,MEDIUM,,,,2,6
1769249129.1908982,MEDIUM,,,,1,6
1769249130.194643,MEDIUM,,,,2,6
1769249131.1955738,MEDIUM,,,,2,6
1769249132.1967058,MEDIUM,,,,2,6
1769249133.1987603,MEDIUM,,,,2,6
1769249134.2025478,MEDIUM,,,,2,6
1769249135.2049818,MEDIUM,,,,2,6
1769249136.2058437,MEDIUM,,,,2,6
1769249137.205893,MEDIUM,,,,2,6
1769249138.2080219,MEDIUM,,,,2,6
1769249139.2327821,MEDIUM,,,,2,6
1769249140.2582223,MEDIUM,,,,2,6
1769249141.2801187,MEDIUM,,,,1,6
1769249142.2856593,MEDIUM,,,,2,6
1769249143.2903621,MEDIUM,,,,2,6
1769249144.2962368,MEDIUM,,,,2,6
1769249145.301443,MEDIUM,,,,2,6
1769249146.304257,MEDIUM,,,,2,6
1769249147.3067408,MEDIUM,,,,2,6
1769249148.30735,MEDIUM,,,,2,6
1769249149.312402,MEDIUM,,,,2,6
1769249150.319516,MEDIUM,,,,2,6
1769249151.3216789,MEDIUM,,,,2,6
1769249152.3269503,MEDIUM,,,,2,6
1769249153.3364089,MEDIUM,,,,1,6
1769249154.3377292,MEDIUM,,,,2,6
1769249155.3443906,MEDIUM,,,,2,6
1769249156.3687596,MEDIUM,,,,2,6
1769249157.3705459,MEDIUM,,,,2,6
1769249158.3788705,MEDIUM,,,,2,6
1769249159.3836784,MEDIUM,,,,2,6
1769249160.3874898,MEDIUM,,,,2,6
1769249161.3907192,MEDIUM,,,,2,6
1769249162.3916488,MEDIUM,,,,2,6
1769249163.3945208,MEDIUM,,,,2,6
1769249164.4007986,MEDIUM,,,,2,6
1769249165.404262,MEDIUM,,,,2,6
1769249166.4087963,MEDIUM,,,,2,6
1769249167.4123209,MEDIUM,,,,1,6
1769249168.4130502,MEDIUM,,,,0,6
1769249169.4150958,MEDIUM,,,,2,6
1769249170.4244893,MEDIUM,,,,2,6
1769249171.4251118,MEDIUM,,,,2,6
1769249172.4293883,MEDIUM,,,,2,6
1769249173.433408,MEDIUM,,,,2,6
1769249174.457692,MEDIUM,,,,2,6
1769249175.46341,MEDIUM,,,,2,6
1769249176.4693282,MEDIUM,,,,2,6
1769249177.472658,MEDIUM,,,,2,6
1769249178.4768033,MEDIUM,,,,1,6
1769249179.482581,MEDIUM,,,,2,6
1769249180.4842525,MEDIUM,,,,2,6
1769249181.4929338,MEDIUM,,,,2,6
1769249182.49549,MEDIUM,,,,2,6
1769249183.520214,MEDIUM,,,,2,6
1769249184.5255418,MEDIUM,,,,2,6
1769249185.550959,MEDIUM,,,,2,6
1769249186.572775,MEDIUM,,,,2,6
1769249187.573424,MEDIUM,,,,1,6
1769249188.5806983,MEDIUM,,,,2,6
1769249189.6050782,MEDIUM,,,,2,6
1769249190.608356,MEDIUM,,,,2,6
1769249191.6314886,MEDIUM,,,,2,6
1769249192.6331587,MEDIUM,,,,2,6
1769249193.6562803,MEDIUM,,,,2,6
1769249194.664534,MEDIUM,,,,2,6
1769249195.6668742,MEDIUM,,,,2,6
1769249196.667913,MEDIUM,,,,2,6
1769249197.6895554,MEDIUM,,,,2,6
1769249198.6932485,MEDIUM,,,,1,6
1769249199.7137141,MEDIUM,,,,1,6
1769249200.7194228,MEDIUM,,,,1,6
1769249201.719619,MEDIUM,,,,1,6
1769249202.7412083,MEDIUM,,,,0,6
1769249203.7421854,MEDIUM,,,,2,6
1769249204.7657719,MEDIUM,,,,2,6
1769249205.7693388,MEDIUM,,,,2,6
1769249206.7695148,MEDIUM,,,,2,6
1769249207.7899365,MEDIUM,,,,2,6
1769249208.813146,MEDIUM,,,,2,6
1769249209.836641,MEDIUM,,,,2,6
1769249210.8389482,MEDIUM,,,,2,6
1769249211.8627355,MEDIUM,,,,2,6
1769249212.881356,MEDIUM,,,,2,6
1769249213.905939,MEDIUM,,,,2,6
1769249214.9093893,MEDIUM,,,,2,6
1769249215.9103494,MEDIUM,,,,2,6
1769249216.9147582,MEDIUM,,,,2,6
1769249217.935144,MEDIUM,,,,2,6
1769249218.956792,MEDIUM,,,,2,6
1769249219.982818,MEDIUM,,,,2,6
1769249220.9849303,MEDIUM,,,,1,6
1769249222.003767,MEDIUM,,,,1,6
1769249223.0070486,MEDIUM,,,,1,6
1769249224.0312974,MEDIUM,,,,1,6
1769249225.0353148,MEDIUM,,,,2,6
1769249226.036194,MEDIUM,,,,2,6
1769249227.0402727,MEDIUM,,,,2,6
1769249228.0413885,MEDIUM,,,,2,6
1769249229.059194,MEDIUM,,,,2,6
1769249230.0635917,MEDIUM,,,,2,6
1769249231.0851436,MEDIUM,,,,2,6
1769249232.1065211,MEDIUM,,,,2,6
1769249233.1312156,MEDIUM,,,,2,6
1769249234.1348917,MEDIUM,,,,2,6
1769249235.1352131,MEDIUM,,,,2,6
1769249236.157551,MEDIUM,,,,2,6
1769249237.177437,MEDIUM,,,,2,6
1769249238.180854,MEDIUM,,,,2,6
1769249239.1856833,MEDIUM,,,,2,6
1769249240.188344,MEDIUM,,,,2,6
1769249241.209616,MEDIUM,,,,2,6
1769249242.2316747,MEDIUM,,,,2,6
1769249243.2343624,MEDIUM,,,,2,6
1769249244.2567198,MEDIUM,,,,2,6
1769249245.2821004,MEDIUM,,,,2,6
1769249246.304304,MEDIUM,,,,2,6
1769249247.321625,MEDIUM,,,,2,6
1769249248.3445463,MEDIUM,,,,2,6
1769249249.3639152,MEDIUM,,,,2,6
1769249250.3730154,MEDIUM,,,,2,6
1769249251.396512,MEDIUM,,,,2,6
1769249252.3982859,MEDIUM,,,,2,6
1769249253.4194417,MEDIUM,,,,2,6
1769249254.4416916,MEDIUM,,,,2,6
1769249255.4657989,MEDIUM,,,,2,6
1769249256.490972,MEDIUM,,,,2,6
1769249257.5111716,MEDIUM,,,,2,6
1769249258.535968,MEDIUM,,,,2,6
1769249259.5584967,MEDIUM,,,,2,6
1769249260.5823257,MEDIUM,,,,2,6
1769249261.6050537,MEDIUM,,,,2,6
1769249262.6292849,MEDIUM,,,,2,6
1769249263.631147,MEDIUM,,,,2,6
1769249264.6558757,MEDIUM,,,,2,6
1769249265.6585839,MEDIUM,,,,2,6
1769249266.658677,MEDIUM,,,,2,6
1769249267.6813934,MEDIUM,,,,2,6
1769249268.70524,MEDIUM,,,,1,6
1769249269.7059984,MEDIUM,,,,1,6
1769249270.7272763,MEDIUM,,,,2,6
1769249271.75056,MEDIUM,,,,2,6
1769249272.7727058,MEDIUM,,,,2,6
1769249273.7960577,MEDIUM,,,,2,6
1769249274.8184137,MEDIUM,,,,2,6
1769249275.8221672,MEDIUM,,,,2,6
1769249276.8467638,MEDIUM,,,,2,6
1769249277.8702745,MEDIUM,,,,2,6
1769249278.8921695,MEDIUM,,,,2,6
1769249279.9134603,MEDIUM,,,,2,6
1769249280.9355428,MEDIUM,,,,2,6
1769249281.9574497,MEDIUM,,,,2,6
1769249282.9821498,MEDIUM,,,,2,6
1769249284.0046504,MEDIUM,,,,2,6
1769249285.0074322,MEDIUM,,,,2,6
1769249286.0083325,MEDIUM,,,,2,6
1769249287.0304277,MEDIUM,,,,2,6
1769249288.0564833,MEDIUM,,,,2,6
1769249289.0810516,MEDIUM,,,,2,6
1769249290.0842543,MEDIUM,,,,1,6
1769249291.0846171,MEDIUM,,,,2,6
1769249292.1102643,MEDIUM,,,,2,6
1769249293.1349058,MEDIUM,,,,2,6
1769249294.138754,MEDIUM,,,,2,6
1769249295.1613867,MEDIUM,,,,2,6
1769249296.186536,MEDIUM,,,,2,6
1769249297.2072856,MEDIUM,,,,2,6
1769249298.2312531,MEDIUM,,,,2,6
1769249299.2313886,MEDIUM,,,,2,6
1769249300.2343218,MEDIUM,,,,2,6
1769249301.2590766,MEDIUM,,,,2,6
1769249302.2841513,MEDIUM,,,,2,6
1769249303.285316,MEDIUM,,,,2,6
1769249304.3039012,MEDIUM,,,,2,6
1769249305.3250284,MEDIUM,,,,2,6
1769249306.3260849,MEDIUM,,,,2,6
1769249307.32831,MEDIUM,,,,2,6
1769249308.3522463,MEDIUM,,,,1,6
1769249309.3529663,MEDIUM,,,,2,6
1769249310.3741236,MEDIUM,,,,2,6
1769249311.392313,MEDIUM,,,,2,6
1769249312.3960936,MEDIUM,,,,2,6
1769249313.4219155,MEDIUM,,,,2,6
1769249314.4258494,MEDIUM,,,,2,6
1769249315.449276,MEDIUM,,,,2,6
1769249316.469428,MEDIUM,,,,2,6
1769249317.4892004,MEDIUM,,,,2,6
1769249318.4942727,MEDIUM,,,,2,6
1769249319.5180705,MEDIUM,,,,2,6
1769249320.5360224,MEDIUM,,,,2,6
1769249321.5590522,MEDIUM,,,,2,6
1769249322.5825403,MEDIUM,,,,2,6
1769249323.6092136,MEDIUM,,,,2,6
1769249324.612383,MEDIUM,,,,2,6
1769249325.6131222,MEDIUM,,,,2,6
1769249326.615094,MEDIUM,,,,2,6
1769249327.6179702,MEDIUM,,,,2,6
1769249328.623052,MEDIUM,,,,2,6
1769249329.624414,MEDIUM,,,,2,6
1769249330.625543,MEDIUM,,,,2,6
1769249331.648219,MEDIUM,,,,2,6
1769249332.673105,MEDIUM,,,,2,6
1769249333.696667,MEDIUM,,,,2,6
1769249334.6996918,MEDIUM,,,,2,6
1769249335.7019546,MEDIUM,,,,2,6
1769249336.7039683,MEDIUM,,,,2,6
1769249337.7297838,MEDIUM,,,,2,6
1769249338.730327,MEDIUM,,,,1,6
1769249339.7524376,MEDIUM,,,,1,6
1769249340.761773,MEDIUM,,,,2,6
1769249341.764437,MEDIUM,,,,2,6
1769249342.78966,MEDIUM,,,,2,6
1769249343.7909708,MEDIUM,,,,2,6
1769249344.7921176,MEDIUM,,,,2,6
1769249345.7939112,MEDIUM,,,,2,6
1769249346.7949727,MEDIUM,,,,2,6
1769249347.7951612,MEDIUM,,,,2,6
1769249348.7954218,MEDIUM,,,,2,6
1769249349.8211007,MEDIUM,,,,1,6
1769249350.8443742,MEDIUM,,,,2,6
1769249351.8650851,MEDIUM,,,,2,6
1769249352.8907013,MEDIUM,,,,2,6
1769249353.9142647,MEDIUM,,,,2,6
1769249354.9365807,MEDIUM,,,,2,6
1769249355.961855,MEDIUM,,,,2,6
1769249356.9647396,MEDIUM,,,,2,6
1769249357.9866421,MEDIUM,,,,2,6
1769249359.012177,MEDIUM,,,,2,6
1769249360.0321696,MEDIUM,,,,2,6
1769249361.052797,MEDIUM,,,,2,6
1769249362.057638,MEDIUM,,,,2,6
1769249363.0812888,MEDIUM,,,,1,6
1769249364.082923,MEDIUM,,,,1,6
1769249365.1047127,MEDIUM,,,,1,6
1769249366.1307573,MEDIUM,,,,1,6
1769249367.1364732,MEDIUM,,,,2,6
1769249368.1569993,MEDIUM,,,,2,6
1769249369.1651404,MEDIUM,,,,2,6
1769249370.1665778,MEDIUM,,,,2,6
1769249371.1908922,MEDIUM,,,,2,6
1769249372.2141988,MEDIUM,,,,2,6
1769249373.2169452,MEDIUM,,,,2,6
1769249374.2417707,MEDIUM,,,,2,6
1769249375.259032,MEDIUM,,,,2,6
1769249376.2669408,MEDIUM,,,,2,6
1769249377.268109,MEDIUM,,,,2,6
1769249378.2773638,MEDIUM,,,,2,6
1769249379.2797403,MEDIUM,,,,2,6
1769249380.2841413,MEDIUM,,,,2,6
1769249381.3099954,MEDIUM,,,,2,6
1769249382.312738,MEDIUM,,,,2,6
1769249383.337229,MEDIUM,,,,2,6
1769249384.3398957,MEDIUM,,,,2,6
1769249385.3411639,MEDIUM,,,,2,6
1769249386.343893,MEDIUM,,,,2,6
1769249387.3704047,MEDIUM,,,,2,6
1769249388.372365,MEDIUM,,,,2,6
1769249389.396372,MEDIUM,,,,2,6
1769249390.3983727,MEDIUM,,,,2,6
1769249391.421251,MEDIUM,,,,2,6
1769249392.42137,MEDIUM,,,,2,6
1769249393.4222586,MEDIUM,,,,2,6
1769249394.4462657,MEDIUM,,,,2,6
1769249395.447704,MEDIUM,,,,2,6
1769249396.4524674,MEDIUM,,,,2,6
1769249397.453572,MEDIUM,,,,2,6
1769249398.4542928,MEDIUM,,,,2,6
1769249399.4552221,MEDIUM,,,,2,6
1769249400.4750903,MEDIUM,,,,2,6
1769249401.4763756,MEDIUM,,,,2,6
1769249402.4952497,MEDIUM,,,,2,6
1769249403.4960608,MEDIUM,,,,2,6
1769249404.4995232,MEDIUM,,,,2,6
1769249405.503806,MEDIUM,,,,2,6
1769249406.5072243,MEDIUM,,,,2,6
1769249407.5087152,MEDIUM,,,,2,6
1769249408.5314276,MEDIUM,,,,2,6
1769249409.5567086,MEDIUM,,,,2,6
1769249410.5610516,MEDIUM,,,,2,6
1769249411.5666971,MEDIUM,,,,2,6
1769249412.5896895,MEDIUM,,,,2,6
1769249413.5975175,MEDIUM,,,,2,6
1769249414.6224494,MEDIUM,,,,2,6
1769249415.624481,MEDIUM,,,,2,6
1769249416.6295934,MEDIUM,,,,2,6
1769249417.6322024,MEDIUM,,,,2,6
1769249418.6358197,MEDIUM,,,,2,6
1769249419.6400342,MEDIUM,,,,2,6
1769249420.6462924,MEDIUM,,,,2,6
1769249421.6720028,MEDIUM,,,,2,6
1769249422.6747687,MEDIUM,,,,2,6
1769249423.6845028,MEDIUM,,,,2,6
1769249424.704444,MEDIUM,,,,2,6
1769249425.7046046,MEDIUM,,,,2,6
1769249426.7285867,MEDIUM,,,,2,6
1769249427.730452,MEDIUM,,,,2,6
1769249428.7341878,MEDIUM,,,,2,6
1769249429.7584627,MEDIUM,,,,2,6
1769249430.7637372,MEDIUM,,,,2,6
1769249431.7637782,MEDIUM,,,,2,6
1769249432.7886093,MEDIUM,,,,2,6
1769249433.811012,MEDIUM,,,,2,6
1769249434.811969,MEDIUM,,,,2,6
1769249435.818023,MEDIUM,,,,2,6
1769249436.838979,MEDIUM,,,,2,6
1769249437.8448863,MEDIUM,,,,2,6
1769249438.8481376,MEDIUM,,,,2,6
1769249439.853221,MEDIUM,,,,2,6
1769249440.8753276,MEDIUM,,,,2,6
1769249441.8810332,MEDIUM,,,,2,6
1769249442.8855243,MEDIUM,,,,2,6
1769249443.8894694,MEDIUM,,,,2,6
1769249444.8895679,MEDIUM,,,,2,6
1769249445.915735,MEDIUM,,,,2,6
1769249446.9225032,MEDIUM,,,,2,6
1769249447.9268878,MEDIUM,,,,2,6
1769249448.9284337,MEDIUM,,,,2,6
1769249449.930761,MEDIUM,,,,2,6
1769249450.9560466,MEDIUM,,,,2,6
1769249451.9603603,MEDIUM,,,,2,6
1769249452.985459,MEDIUM,,,,2,6
1769249454.0103707,MEDIUM,,,,2,6
1769249455.0116868,MEDIUM,,,,2,6
1769249456.0145078,MEDIUM,,,,2,6
1769249457.0166793,MEDIUM,,,,2,6
1769249458.0209558,MEDIUM,,,,2,6
1769249459.0459707,MEDIUM,,,,2,6
1769249460.0670543,MEDIUM,,,,2,6
1769249461.0681095,MEDIUM,,,,2,6
1769249462.0697644,MEDIUM,,,,2,6
1769249463.0944483,MEDIUM,,,,2,6
1769249464.1182907,MEDIUM,,,,2,6
1769249465.1201231,MEDIUM,,,,2,6
1769249466.143372,MEDIUM,,,,2,6
1769249467.1478286,MEDIUM,,,,2,6
1769249468.1510205,MEDIUM,,,,2,6
1769249469.170499,MEDIUM,,,,2,6
1769249470.1948872,MEDIUM,,,,2,6
1769249471.2025042,MEDIUM,,,,2,6
1769251215.2834144,MEDIUM,,,,2,6
1769251216.3061779,MEDIUM,,,,2,6
1769251217.3206027,MEDIUM,,,,2,6
1769251218.3378751,MEDIUM,,,,2,6
1769251219.3572578,MEDIUM,,,,2,6
1769251220.3776743,MEDIUM,,,,2,6
1769251221.399685,MEDIUM,,,,2,6
1769251222.4216747,MEDIUM,,,,2,6
1769251223.427014,MEDIUM,,,,2,6
1769251224.4346356,MEDIUM,,,,2,6
1769251225.44061,MEDIUM,,,,2,6
1769251226.4420917,MEDIUM,,,,2,6
1769251227.442206,MEDIUM,,,,2,6
1769251228.4456701,MEDIUM,,,,2,6
1769251229.4712315,MEDIUM,,,,2,6
1769251230.47376,MEDIUM,,,,2,6
1769251231.4793324,MEDIUM,,,,2,6
1769251232.481464,MEDIUM,,,,1,6
1769251233.4850154,MEDIUM,,,,2,6
1769251234.4878306,MEDIUM,,,,2,6
1769251235.4932904,MEDIUM,,,,2,6
1769251236.4950576,MEDIUM,,,,2,6
1769251237.5193858,MEDIUM,,,,2,6
1769251238.5214682,MEDIUM,,,,2,6
1769251239.5437002,MEDIUM,,,,2,6
1769251240.544534,MEDIUM,,,,2,6
1769251241.5452864,MEDIUM,,,,2,6
1769251242.548686,MEDIUM,,,,2,6
1769251243.5536199,MEDIUM,,,,2,6
1769251244.5619688,MEDIUM,,,,2,6
1769251245.563364,MEDIUM,,,,2,6
1769251246.5680466,MEDIUM,,,,2,6
1769251247.5692725,MEDIUM,,,,2,6
1769251248.5772104,MEDIUM,,,,2,6
1769251249.5836308,MEDIUM,,,,2,6
1769251250.583772,MEDIUM,,,,2,6
1769251251.605454,MEDIUM,,,,2,6
1769251252.6306145,MEDIUM,,,,2,6
1769251253.6550999,MEDIUM,,,,2,6
1769251254.655894,MEDIUM,,,,2,6
1769251255.6820097,MEDIUM,,,,2,6
1769251256.6837144,MEDIUM,,,,2,6
1769251257.6852837,MEDIUM,,,,2,6
1769251258.6876178,MEDIUM,,,,2,6
1769251259.7124436,MEDIUM,,,,2,6
1769251260.734468,MEDIUM,,,,2,6
1769251261.7398427,MEDIUM,,,,2,6
1769251262.7472682,MEDIUM,,,,2,6
1769251263.7731001,MEDIUM,,,,2,6
1769251264.797438,MEDIUM,,,,2,6
1769251265.8017204,MEDIUM,,,,2,6
1769251266.8235996,MEDIUM,,,,2,6
1769251267.8447347,MEDIUM,,,,2,6
1769251268.8685007,MEDIUM,,,,2,6
1769251269.8899834,MEDIUM,,,,2,6
1769251270.9043527,MEDIUM,,,,2,6
1769251271.9076498,MEDIUM,,,,2,6
1769251272.9148438,MEDIUM,,,,2,6
1769251273.9218886,MEDIUM,,,,2,6
1769251274.94645,MEDIUM,,,,2,6
1769251275.951401,MEDIUM,,,,2,6
1769251276.9533117,MEDIUM,,,,2,6
1769251277.9551332,MEDIUM,,,,2,6
1769251278.9564323,MEDIUM,,,,2,6
1769251279.9599042,MEDIUM,,,,2,6
1769251280.9608467,MEDIUM,,,,2,6
1769251281.962191,MEDIUM,,,,2,6
1769251282.9796672,MEDIUM,,,,2,6
1769251284.0022855,MEDIUM,,,,2,6
1769251285.0087113,MEDIUM,,,,2,6
1769251286.0090842,MEDIUM,,,,2,6
1769251287.0347667,MEDIUM,,,,2,6
1769251288.03951,MEDIUM,,,,2,6
1769251289.0458868,MEDIUM,,,,2,6
1769251290.0498052,MEDIUM,,,,2,6
1769251291.050572,MEDIUM,,,,2,6
1769251292.0511982,MEDIUM,,,,2,6
1769251293.1105509,MEDIUM,,,,2,6
1769251294.117548,MEDIUM,,,,2,6
1769251295.1194823,MEDIUM,,,,2,6
1769251296.1227648,MEDIUM,,,,2,6
1769251297.1441703,MEDIUM,,,,2,6
1769251298.1467452,MEDIUM,,,,2,6
1769251299.1482522,MEDIUM,,,,2,6
1769251300.153681,MEDIUM,,,,2,6
1769251301.178546,MEDIUM,,,,2,6
1769251302.1791728,MEDIUM,,,,2,6
1769251303.205185,MEDIUM,,,,2,6
1769251304.2085667,MEDIUM,,,,2,6
1769251305.2339892,MEDIUM,,,,2,6
1769251306.2585394,MEDIUM,,,,2,6
1769251307.261149,MEDIUM,,,,2,6
1769251308.2641401,MEDIUM,,,,2,6
1769410306.0412607,MEDIUM,,,,2,6
1769410307.0603566,MEDIUM,,,,2,6
1769410308.065878,MEDIUM,,,,2,6
1769410309.0823905,MEDIUM,,,,2,6
1769410310.108326,MEDIUM,,,,2,6
1769410311.1125317,MEDIUM,,,,2,6
1769410312.1152294,MEDIUM,,,,2,6
1769410313.1222003,MEDIUM,,,,2,6
1769410314.1472266,MEDIUM,,,,2,6
1769410315.151495,MEDIUM,,,,1,6
1769410316.1737828,MEDIUM,,,,2,6
1769410317.1982994,MEDIUM,,,,2,6
1769410318.2224119,MEDIUM,,,,2,6
1769410319.226372,MEDIUM,,,,2,6
1769410320.2272322,MEDIUM,,,,2,6
1769410321.228346,MEDIUM,,,,2,6
1769410322.249543,MEDIUM,,,,2,6
1769410323.2512581,MEDIUM,,,,2,6
1769410324.2552488,MEDIUM,,,,2,6
1769410325.2652633,MEDIUM,,,,2,6
1769410326.270956,MEDIUM,,,,2,6
1769410327.295022,MEDIUM,,,,2,6
1769410328.2981312,MEDIUM,,,,2,6
1769410329.0682826,HIGH,10,0.05,150,,
1769410329.2996237,HIGH,,,,2,10
1769410330.304036,HIGH,,,,2,10
1769410331.3059795,HIGH,,,,2,10
1769410331.6132433,LOW,3,0.01,400,,
1769410331.9959092,MEDIUM,6,0.03,250,,
1769410332.2020812,HIGH,10,0.05,150,,
1769410332.330818,HIGH,,,,2,10
1769410333.3334758,HIGH,,,,2,10
1769410334.3378084,HIGH,,,,2,10
1769410335.3407726,HIGH,,,,2,10
1769410336.3657935,HIGH,,,,2,10
1769410337.3876133,HIGH,,,,2,10
1769410338.4061239,HIGH,,,,2,10
1769410339.4296968,HIGH,,,,2,10
1769410340.4519346,HIGH,,,,2,10
1769410341.4531934,HIGH,,,,2,10
1769410342.4791105,HIGH,,,,2,10
1769410343.4832647,HIGH,,,,2,10
1769410344.5050366,HIGH,,,,2,10
1769410345.5308998,HIGH,,,,2,10
1769410346.5374286,HIGH,,,,2,10
1769410347.5606532,HIGH,,,,2,10
1769410348.563731,HIGH,,,,2,10
1769410349.5883977,HIGH,,,,2,10
1769410350.6095443,HIGH,,,,2,10
1769410351.6334953,HIGH,,,,2,10
1769410352.6375601,HIGH,,,,2,10
1769410353.6619809,HIGH,,,,2,10
1769410354.6847606,HIGH,,,,2,10
1769410355.70805,HIGH,,,,2,10
1769410356.7310462,HIGH,,,,2,10
1769410357.7548933,HIGH,,,,1,10
1769410358.7557545,HIGH,,,,2,10
1769410359.757665,HIGH,,,,2,10
1769410360.7780094,HIGH,,,,2,10
1769410361.8025162,HIGH,,,,2,10
1769410362.8033638,HIGH,,,,2,10
1769410363.8257504,HIGH,,,,2,10
1769410364.850847,HIGH,,,,2,10
1769410365.520969,MEDIUM,6,0.03,250,,
1769410365.8530784,MEDIUM,,,,2,6
1769410366.878621,MEDIUM,,,,2,6
1769410367.8810687,MEDIUM,,,,1,6
1769410368.8815713,MEDIUM,,,,2,6
1769410369.8837993,MEDIUM,,,,2,6
1769410370.8892152,MEDIUM,,,,2,6
1769410371.8957074,MEDIUM,,,,2,6
1769410372.8974183,MEDIUM,,,,2,6
1769410373.921151,MEDIUM,,,,2,6
1769410374.9215922,MEDIUM,,,,2,6
1769410375.947357,MEDIUM,,,,2,6
1769410376.9523578,MEDIUM,,,,1,6
1769410377.9773002,MEDIUM,,,,2,6
1769410378.9781475,MEDIUM,,,,2,6
1769410380.0014064,MEDIUM,,,,2,6
1769410381.0261939,MEDIUM,,,,2,6
1769410382.0267296,MEDIUM,,,,2,6
1769410383.051606,MEDIUM,,,,2,6
1769410384.0538461,MEDIUM,,,,2,6
1769410385.0575218,MEDIUM,,,,2,6
1769410386.0814075,MEDIUM,,,,2,6
1769410387.092182,MEDIUM,,,,2,6
1769410388.095586,MEDIUM,,,,2,6
1769410389.0966153,MEDIUM,,,,2,6
1769410390.0977604,MEDIUM,,,,2,6
1769410391.09841,MEDIUM,,,,2,6
1769410392.1041348,MEDIUM,,,,2,6
1769410393.1050797,MEDIUM,,,,2,6
1769410394.1080766,MEDIUM,,,,2,6
1769410395.1136048,MEDIUM,,,,2,6
1769410396.118457,MEDIUM,,,,2,6
1769410397.1438103,MEDIUM,,,,2,6
1769410398.1649404,MEDIUM,,,,2,6
1769410399.183552,MEDIUM,,,,2,6
1769410400.2070422,MEDIUM,,,,2,6
1769410401.2126577,MEDIUM,,,,2,6
1769410402.2148464,MEDIUM,,,,2,6
1769410403.237052,MEDIUM,,,,2,6
1769410404.2620373,MEDIUM,,,,2,6
1769410405.2630823,MEDIUM,,,,2,6
1769410406.2848465,MEDIUM,,,,2,6
1769410407.3077254,MEDIUM,,,,2,6
1769410408.3279738,MEDIUM,,,,2,6
1769410409.351679,MEDIUM,,,,1,6
1769410410.3718226,MEDIUM,,,,1,6
1769410411.3752964,MEDIUM,,,,2,6
1769410412.3761523,MEDIUM,,,,2,6
1769410413.3776863,MEDIUM,,,,2,6
1769410414.398966,MEDIUM,,,,2,6
1769410415.418939,MEDIUM,,,,2,6
1769410416.4401855,MEDIUM,,,,2,6
1769410417.4633684,MEDIUM,,,,2,6
1769410418.4839375,MEDIUM,,,,2,6
1769410419.5067623,MEDIUM,,,,2,6
1769415073.2649674,MEDIUM,,,,2,6
1769415074.2820852,MEDIUM,,,,2,6
1769415075.2841449,MEDIUM,,,,2,6
1769415076.2877572,MEDIUM,,,,2,6
1769415077.2904773,MEDIUM,,,,2,6
1769415078.2934926,MEDIUM,,,,2,6
1769415079.2963693,MEDIUM,,,,2,6
1769415080.3167958,MEDIUM,,,,2,6
1769415081.3200924,MEDIUM,,,,2,6
1769415082.345537,MEDIUM,,,,2,6
1769415083.3495302,MEDIUM,,,,2,6
1769415084.350415,MEDIUM,,,,2,6
1769415085.3583841,MEDIUM,,,,2,6
1769415086.3638108,MEDIUM,,,,2,6
1769415087.3688002,MEDIUM,,,,2,6
1769415088.3932533,MEDIUM,,,,2,6
1769415089.396794,MEDIUM,,,,2,6
1769415090.3974345,MEDIUM,,,,2,6
1769415091.4195566,MEDIUM,,,,2,6
1769415092.444558,MEDIUM,,,,2,6
1769415093.4669232,MEDIUM,,,,2,6
1769415094.4705806,MEDIUM,,,,2,6
1769415095.478642,MEDIUM,,,,2,6
1769415096.4869144,MEDIUM,,,,2,6
1769415097.5117316,MEDIUM,,,,2,6
1769415098.536621,MEDIUM,,,,2,6
1769415099.5599544,MEDIUM,,,,1,6
1769415100.5622556,MEDIUM,,,,2,6
1769415149.547273,MEDIUM,,,,2,6
1769415150.5676386,MEDIUM,,,,2,6
1769415151.5728712,MEDIUM,,,,2,6
1769415152.576971,MEDIUM,,,,2,6
1769415153.600727,MEDIUM,,,,2,6
1769415154.6083822,MEDIUM,,,,2,6
1769415155.6229086,MEDIUM,,,,2,6
1769415156.6237557,MEDIUM,,,,2,6
1769415157.6243393,MEDIUM,,,,2,6
1769415158.6286848,MEDIUM,,,,2,6
1769415159.629109,MEDIUM,,,,2,6
1769415160.6538537,MEDIUM,,,,2,6
1769415161.6582778,MEDIUM,,,,1,6
1769415162.661632,MEDIUM,,,,2,6
1769415163.6643455,MEDIUM,,,,2,6
1769415164.6684227,MEDIUM,,,,2,6
1769415165.67023,MEDIUM,,,,2,6
1769415166.6727395,MEDIUM,,,,2,6
1769415167.6973984,MEDIUM,,,,2,6
1769415168.7217054,MEDIUM,,,,2,6
1769415169.7220352,MEDIUM,,,,2,6
1769415170.7297683,MEDIUM,,,,1,6
1769415171.7320266,MEDIUM,,,,1,6
1769415172.7562478,MEDIUM,,,,2,6
1769415173.7594285,MEDIUM,,,,2,6
1769415174.7619202,MEDIUM,,,,2,6
1769415175.764555,MEDIUM,,,,2,6
1769415176.7735496,MEDIUM,,,,2,6
1769415177.7971654,MEDIUM,,,,1,6
1769415178.7985349,MEDIUM,,,,2,6
1769415179.8041499,MEDIUM,,,,2,6
1769415180.8070953,MEDIUM,,,,2,6
1769415181.8073268,MEDIUM,,,,2,6
1769415182.8136954,MEDIUM,,,,2,6
1769415183.8145478,MEDIUM,,,,2,6
1769415184.8171175,MEDIUM,,,,2,6
1769415185.821592,MEDIUM,,,,2,6
1769415186.8467607,MEDIUM,,,,2,6
1769415187.8484824,MEDIUM,,,,2,6
1769440127.479017,MEDIUM,,,,2,6
1769440128.50049,MEDIUM,,,,2,6
1769440129.5396788,MEDIUM,,,,2,6
1769440130.554826,MEDIUM,,,,2,6
1769440131.5572336,MEDIUM,,,,2,6
1769440132.5839052,MEDIUM,,,,2,6
1769440133.6032052,MEDIUM,,,,2,6
1769440134.626697,MEDIUM,,,,2,6
1769440135.6499002,MEDIUM,,,,2,6
1769440136.6519892,MEDIUM,,,,2,6
1769440137.6777089,MEDIUM,,,,2,6
1769440138.7026207,MEDIUM,,,,2,6
1769440139.7062936,MEDIUM,,,,2,6
1769440140.7307637,MEDIUM,,,,2,6
1769440141.7524457,MEDIUM,,,,2,6
1769440142.7762933,MEDIUM,,,,2,6
1769440143.7782867,MEDIUM,,,,2,6
1769440144.7997084,MEDIUM,,,,2,6
1769440145.8201962,MEDIUM,,,,2,6
1769440146.8423867,MEDIUM,,,,2,6
1769440147.8593361,MEDIUM,,,,2,6
1769440148.8830328,MEDIUM,,,,2,6
1769440149.8881693,MEDIUM,,,,2,6
1769440150.8885207,MEDIUM,,,,2,6
1769440151.888799,MEDIUM,,,,2,6
1769440152.9105985,MEDIUM,,,,2,6
1769440153.9334078,MEDIUM,,,,2,6
1769440154.9573889,MEDIUM,,,,2,6
1769446996.0379221,MEDIUM,,,,2,6
1769446997.0615523,MEDIUM,,,,2,6
1769446998.115072,MEDIUM,,,,2,6
1769446999.3000653,MEDIUM,,,,2,6
1769447000.575737,MEDIUM,,,,2,6
1769447001.7798498,MEDIUM,,,,2,6
1769447002.9489093,MEDIUM,,,,2,6
1769447004.1061552,MEDIUM,,,,2,6
1769447005.2997286,MEDIUM,,,,2,6
1769447006.4639094,MEDIUM,,,,2,6
1769447009.429341,MEDIUM,,,,2,6
1769447010.4546437,MEDIUM,,,,2,6
1769447011.545004,MEDIUM,,,,2,6
1769447012.7703147,MEDIUM,,,,2,6
1769447013.9692442,MEDIUM,,,,2,6
1769447014.9760406,MEDIUM,,,,2,6
1769447016.2752569,MEDIUM,,,,2,6
1769447017.2965138,MEDIUM,,,,2,6
1769447018.5041773,MEDIUM,,,,2,6
1769447019.8370962,MEDIUM,,,,2,6
1769447021.1287436,MEDIUM,,,,2,6
1769447022.468118,MEDIUM,,,,2,6
1769447023.697175,MEDIUM,,,,2,6
1769447026.1661296,MEDIUM,,,,2,6
1769447027.1770287,MEDIUM,,,,2,6
1769447028.384747,MEDIUM,,,,2,6
1769447029.5775895,MEDIUM,,,,2,6
1769447030.7541432,MEDIUM,,,,2,6
1769447031.931013,MEDIUM,,,,2,6
1769447032.9499025,MEDIUM,,,,2,6
1769447033.97057,MEDIUM,,,,2,6
1769447034.996611,MEDIUM,,,,2,6
1769447035.9996445,MEDIUM,,,,2,6
1769447037.1495197,MEDIUM,,,,2,6
1769447038.3828166,MEDIUM,,,,2,6
1769447039.5877028,MEDIUM,,,,2,6
1769447040.729724,MEDIUM,,,,2,6
1769447041.7979648,MEDIUM,,,,2,6
1769447042.853059,MEDIUM,,,,2,6
1769447043.9218004,MEDIUM,,,,2,6
1769447044.9852114,MEDIUM,,,,2,6
1769447046.0366836,MEDIUM,,,,2,6
1769447047.147141,MEDIUM,,,,2,6
1769447048.2385519,MEDIUM,,,,2,6
1769447049.322237,MEDIUM,,,,2,6
1769447050.3763843,MEDIUM,,,,2,6
1769447051.4312494,MEDIUM,,,,2,6
1769447052.4755092,MEDIUM,,,,2,6
1769447053.5092485,MEDIUM,,,,2,6
1769447054.5672226,MEDIUM,,,,2,6
1769447055.6616433,MEDIUM,,,,2,6
1769447056.7574685,MEDIUM,,,,2,6
1769447057.8269067,MEDIUM,,,,2,6
1769447058.8862329,MEDIUM,,,,2,6
1769447059.9618182,MEDIUM,,,,2,6
1769447061.0112305,MEDIUM,,,,2,6
1769447062.0828412,MEDIUM,,,,2,6
1769447063.1544547,MEDIUM,,,,2,6
1769447794.9649513,MEDIUM,,,,2,6
1769447796.078994,MEDIUM,,,,2,6
1769447797.159214,MEDIUM,,,,2,6
1769447798.191496,MEDIUM,,,,2,6
1769447799.2748191,MEDIUM,,,,2,6
1769447800.3448873,MEDIUM,,,,2,6
1769447801.4180048,MEDIUM,,,,2,6
1769447802.4837976,MEDIUM,,,,2,6
1769447803.529054,MEDIUM,,,,2,6
1769447804.6069133,MEDIUM,,,,2,6
1769447805.6714077,MEDIUM,,,,2,6
1769447806.747552,MEDIUM,,,,2,6
1769447807.8101304,MEDIUM,,,,2,6
1769447808.8740613,MEDIUM,,,,2,6
1769447809.9468951,MEDIUM,,,,2,6
1769447811.04054,MEDIUM,,,,2,6
1769447812.094577,MEDIUM,,,,2,6
1769447813.2032993,MEDIUM,,,,2,6
1769447814.2686267,MEDIUM,,,,2,6
1769447815.3291986,MEDIUM,,,,2,6
1769447816.4123106,MEDIUM,,,,2,6
1769447817.4805799,MEDIUM,,,,2,6
1769447818.5673513,MEDIUM,,,,2,6
1769447819.6715443,MEDIUM,,,,2,6
1769447820.7523868,MEDIUM,,,,2,6
1769447821.8136983,MEDIUM,,,,2,6
1769447822.888111,MEDIUM,,,,2,6
1769447823.9450123,MEDIUM,,,,2,6
1769447825.0122404,MEDIUM,,,,2,6
1769447826.0936255,MEDIUM,,,,2,6
1769447827.1542943,MEDIUM,,,,2,6
1769447828.2349102,MEDIUM,,,,2,6
1769447829.2873633,MEDIUM,,,,2,6
1769447830.3364515,MEDIUM,,,,2,6
1769447831.394721,MEDIUM,,,,2,6
1769447832.4379902,MEDIUM,,,,2,6
1769447833.4472797,MEDIUM,,,,2,6
1769447834.4491756,MEDIUM,,,,2,6
1769447835.450649,MEDIUM,,,,2,6
1769447836.4532795,MEDIUM,,,,2,6
1769447837.4732492,MEDIUM,,,,2,6
1769447838.476184,MEDIUM,,,,2,6
1769447839.489037,MEDIUM,,,,2,6
1769447840.5126965,MEDIUM,,,,2,6
1769447841.531363,MEDIUM,,,,2,6
1769447842.5554276,MEDIUM,,,,2,6
1769447843.578943,MEDIUM,,,,2,6
1769447844.6019948,MEDIUM,,,,2,6
1769447845.6244857,MEDIUM,,,,2,6
1769447846.6274261,MEDIUM,,,,2,6
1769447847.6500497,MEDIUM,,,,2,6
1769447848.6742256,MEDIUM,,,,2,6
1769447849.675873,MEDIUM,,,,2,6
1769447850.9164374,MEDIUM,,,,2,6
1769447851.986668,MEDIUM,,,,2,6
1769447853.0649228,MEDIUM,,,,2,6
1769447854.1471586,MEDIUM,,,,2,6
1769447855.2262762,MEDIUM,,,,2,6
1769447856.3080835,MEDIUM,,,,2,6
1769447857.3905022,MEDIUM,,,,2,6
1769447858.4824524,MEDIUM,,,,2,6
1769447859.5659108,MEDIUM,,,,2,6
1769447860.6431465,MEDIUM,,,,2,6
1769447861.7118518,MEDIUM,,,,2,6
1769447862.7722607,MEDIUM,,,,2,6
1769447863.8149593,MEDIUM,,,,2,6
1769447864.8736563,MEDIUM,,,,2,6
1769447865.9209604,MEDIUM,,,,2,6
1769447866.9675448,MEDIUM,,,,2,6
1769447868.0499372,MEDIUM,,,,2,6
1769447869.0878725,MEDIUM,,,,2,6
1769447870.1673396,MEDIUM,,,,2,6
1769447871.2332232,MEDIUM,,,,2,6
1769447872.2711382,MEDIUM,,,,2,6
1769447873.302651,MEDIUM,,,,2,6
1769447874.3619144,MEDIUM,,,,2,6
1769447876.8401673,MEDIUM,,,,2,6
1769447878.6819203,MEDIUM,,,,2,6
1769447879.761738,MEDIUM,,,,2,6
1769447881.582256,MEDIUM,,,,2,6
1769448187.0650153,MEDIUM,,,,2,6
1769448188.0670836,MEDIUM,,,,2,6
1769450462.0333576,MEDIUM,,,,2,6
1769450463.0541906,MEDIUM,,,,2,6
1769450464.056677,MEDIUM,,,,2,6
1769450465.0811293,MEDIUM,,,,2,6
1769450466.10386,MEDIUM,,,,2,6
1769450467.1059206,MEDIUM,,,,2,6
1769450468.1115844,MEDIUM,,,,2,6
1769450469.1361816,MEDIUM,,,,2,6
1769450470.137465,MEDIUM,,,,2,6
1769450471.1618402,MEDIUM,,,,2,6
1769450472.1686242,MEDIUM,,,,2,6
1769450473.1878216,MEDIUM,,,,1,6
1769450474.1909776,MEDIUM,,,,2,6
1769450475.2116723,MEDIUM,,,,2,6
1769450476.23407,MEDIUM,,,,2,6
1769450477.4214573,MEDIUM,,,,2,6
1769450478.5429926,MEDIUM,,,,2,6
1769450479.7341666,MEDIUM,,,,2,6
1769450480.8702898,MEDIUM,,,,2,6
1769450482.0968595,MEDIUM,,,,2,6
1769450483.2427816,MEDIUM,,,,2,6
1769450484.365286,MEDIUM,,,,2,6
1769450485.562911,MEDIUM,,,,2,6
1769450486.7368762,MEDIUM,,,,2,6
1769450487.8528173,MEDIUM,,,,2,6
1769450488.985999,MEDIUM,,,,2,6
1769450490.1287434,MEDIUM,,,,2,6
1769450491.2844465,MEDIUM,,,,2,6
1769450492.4358654,MEDIUM,,,,2,6
1769450493.5680048,MEDIUM,,,,2,6
1769450494.7054808,MEDIUM,,,,2,6
1769450495.8760848,MEDIUM,,,,2,6
1769450496.9642367,MEDIUM,,,,2,6
1769450498.1222796,MEDIUM,,,,2,6
1769450499.3106503,MEDIUM,,,,2,6
1769450500.465196,MEDIUM,,,,2,6
1769450501.5752628,MEDIUM,,,,2,6
1769450502.8021557,MEDIUM,,,,2,6
1769450503.8809583,MEDIUM,,,,2,6
1769450504.9806561,MEDIUM,,,,2,6
1769450506.1660113,MEDIUM,,,,2,6
1769450507.2993314,MEDIUM,,,,2,6
1769450508.416994,MEDIUM,,,,2,6
1769450509.507625,MEDIUM,,,,2,6
1769450510.6361477,MEDIUM,,,,2,6
1769450511.762997,MEDIUM,,,,2,6
1769450512.9155347,MEDIUM,,,,2,6
1769450514.0858986,MEDIUM,,,,2,6
1769450515.141675,MEDIUM,,,,2,6
1769450516.1877916,MEDIUM,,,,2,6
1769450517.3052125,MEDIUM,,,,2,6
1769450518.3813205,MEDIUM,,,,2,6
1769450519.451413,MEDIUM,,,,2,6
1769450520.5213027,MEDIUM,,,,2,6
1769450521.6092885,MEDIUM,,,,2,6
1769450522.700673,MEDIUM,,,,2,6
1769450523.8645997,MEDIUM,,,,2,6
1769450524.983199,MEDIUM,,,,2,6
1769450526.1465914,MEDIUM,,,,2,6
1769450527.3068354,MEDIUM,,,,2,6
1769450528.36593,MEDIUM,,,,2,6
1769450529.4591868,MEDIUM,,,,2,6
1769450530.6281588,MEDIUM,,,,2,6
1769450531.7553754,MEDIUM,,,,2,6
1769450532.8861442,MEDIUM,,,,2,6
1769450534.0484254,MEDIUM,,,,2,6
1769450535.1958992,MEDIUM,,,,2,6
1769450536.3843277,MEDIUM,,,,2,6
1769450537.5415142,MEDIUM,,,,2,6
1769450538.7416046,MEDIUM,,,,2,6
1769450539.891907,MEDIUM,,,,2,6
1769450541.059834,MEDIUM,,,,2,6
1769450542.237156,MEDIUM,,,,2,6
1769450543.4473944,MEDIUM,,,,2,6
1769450544.5515249,MEDIUM,,,,2,6
1769450545.6375031,MEDIUM,,,,2,6
1769450546.781899,MEDIUM,,,,2,6
1769450547.9491508,MEDIUM,,,,2,6
1769450549.0922842,MEDIUM,,,,2,6
1769450550.2012463,MEDIUM,,,,2,6
1769450551.3489864,MEDIUM,,,,2,6
1769450552.5371966,MEDIUM,,,,2,6
1769450553.6821382,MEDIUM,,,,2,6
1769450554.805497,MEDIUM,,,,2,6
1769450555.9379978,MEDIUM,,,,2,6
1769450557.0649471,MEDIUM,,,,2,6
1769450558.2213707,MEDIUM,,,,2,6
1769450559.343429,MEDIUM,,,,2,6
1769450560.3532453,MEDIUM,,,,2,6
1769451845.5432363,MEDIUM,,,,2,6
1769451846.567886,MEDIUM,,,,2,6
1769451847.5710807,MEDIUM,,,,2,6
1769451848.5852644,MEDIUM,,,,2,6
1769451849.5862088,MEDIUM,,,,2,6
1769451850.5960896,MEDIUM,,,,2,6
1769451851.5985296,MEDIUM,,,,2,6
1769451852.5993571,MEDIUM,,,,2,6
1769451853.6201074,MEDIUM,,,,2,6
1769451854.6204996,MEDIUM,,,,2,6
1769451855.6442175,MEDIUM,,,,2,6
1769451856.6625853,MEDIUM,,,,2,6
1769451857.6821556,MEDIUM,,,,2,6
1769451858.701636,MEDIUM,,,,2,6
1769451859.7347555,MEDIUM,,,,2,6
1769451860.796752,MEDIUM,,,,2,6
1769451861.9021196,MEDIUM,,,,2,6
1769451862.979632,MEDIUM,,,,2,6
1769451864.0646741,MEDIUM,,,,2,6
1769451865.134204,MEDIUM,,,,2,6
1769451866.2069197,MEDIUM,,,,2,6
1769451867.264882,MEDIUM,,,,2,6
1769451868.3421843,MEDIUM,,,,2,6
1769451869.4131825,MEDIUM,,,,2,6
1769451870.4459329,MEDIUM,,,,2,6
1769451871.5293486,MEDIUM,,,,2,6
1769451872.5937161,MEDIUM,,,,2,6
1769451873.6136894,MEDIUM,,,,2,6
1769451874.6370735,MEDIUM,,,,2,6
1769451875.6395195,MEDIUM,,,,2,6
1769451876.6399229,MEDIUM,,,,2,6
1769451877.6500926,MEDIUM,,,,2,6
1769451878.667341,MEDIUM,,,,2,6
1769451879.6736836,MEDIUM,,,,2,6
1769451880.6966424,MEDIUM,,,,2,6
1769451881.722219,MEDIUM,,,,2,6
1769451882.7460418,MEDIUM,,,,2,6
1769451883.7470639,MEDIUM,,,,2,6
1769451884.7701612,MEDIUM,,,,2,6
1769451885.7707763,MEDIUM,,,,2,6
1769451886.77107,MEDIUM,,,,1,6
1769451887.7919402,MEDIUM,,,,2,6
1769451888.8141057,MEDIUM,,,,2,6
1769451889.8393147,MEDIUM,,,,2,6
1769451890.8585753,MEDIUM,,,,2,6
1769451891.8830273,MEDIUM,,,,2,6
1769451892.9024599,MEDIUM,,,,2,6
1769451893.907665,MEDIUM,,,,2,6
1769451894.9318206,MEDIUM,,,,2,6
1769451895.935122,MEDIUM,,,,2,6
1769970573.0919006,MEDIUM,,,,2,6
1769970574.1170425,MEDIUM,,,,2,6
1769970575.1386747,MEDIUM,,,,2,6
1769970576.1587293,MEDIUM,,,,2,6
1769970577.1597023,MEDIUM,,,,2,6
1769970578.1754794,MEDIUM,,,,2,6
1769970579.1759224,MEDIUM,,,,2,6
1769970580.201612,MEDIUM,,,,2,6
1769970581.2190151,MEDIUM,,,,2,6
1769970582.2195625,MEDIUM,,,,2,6
1769970583.23708,MEDIUM,,,,2,6
1769970584.255142,MEDIUM,,,,2,6
1769970585.2782435,MEDIUM,,,,2,6
1769970586.2995048,MEDIUM,,,,2,6
1769970587.3207743,MEDIUM,,,,2,6
1769970588.3214357,MEDIUM,,,,2,6
1769970589.3398504,MEDIUM,,,,2,6
1769970590.3595357,MEDIUM,,,,2,6
1769970591.383574,MEDIUM,,,,2,6
1769970592.4039385,MEDIUM,,,,1,6
1769970593.422538,MEDIUM,,,,2,6
1769970594.4406357,MEDIUM,,,,2,6
1769970595.463787,MEDIUM,,,,2,6
1769970596.4873168,MEDIUM,,,,2,6
1769970597.5085342,MEDIUM,,,,2,6
1769970598.5296617,MEDIUM,,,,2,6
1769970599.5523906,MEDIUM,,,,2,6
1769970600.5692098,MEDIUM,,,,2,6
1769970601.593504,MEDIUM,,,,2,6
1769970602.5977683,MEDIUM,,,,1,6
1769970603.6187842,MEDIUM,,,,1,6
1769970604.6190994,MEDIUM,,,,1,6
1769970605.644404,MEDIUM,,,,2,6
1769970606.665413,MEDIUM,,,,2,6
1769970607.6870782,MEDIUM,,,,2,6
1769970608.7036355,MEDIUM,,,,2,6
1769970609.7231207,MEDIUM,,,,2,6
1769970610.7447977,MEDIUM,,,,2,6
1769970611.7590532,MEDIUM,,,,2,6
1769970612.7815342,MEDIUM,,,,2,6
1769970613.7992098,MEDIUM,,,,2,6
1769970614.817291,MEDIUM,,,,2,6
1769970615.8316703,MEDIUM,,,,2,6
1769970616.849511,MEDIUM,,,,2,6
1769970617.869891,MEDIUM,,,,2,6
1769970618.886746,MEDIUM,,,,2,6
1769970619.9117002,MEDIUM,,,,2,6
1769970620.9338858,MEDIUM,,,,2,6
1769970621.9531577,MEDIUM,,,,2,6
1769970622.9781985,MEDIUM,,,,2,6
1769970623.9792216,MEDIUM,,,,1,6
1769970624.9946635,MEDIUM,,,,1,6
1769970626.0150464,MEDIUM,,,,1,6
1769970627.0306184,MEDIUM,,,,1,6
1769970628.0495284,MEDIUM,,,,2,6
1769970629.0655363,MEDIUM,,,,2,6
1769970630.0878575,MEDIUM,,,,2,6
1769970631.088104,MEDIUM,,,,2,6
1769970632.1085505,MEDIUM,,,,2,6
1769970633.1328838,MEDIUM,,,,2,6
1769970634.1569958,MEDIUM,,,,2,6
1769970635.174869,MEDIUM,,,,2,6
1769970636.1990957,MEDIUM,,,,2,6
1769970637.2146776,MEDIUM,,,,2,6
1769970638.2174342,MEDIUM,,,,2,6
1769970639.2216706,MEDIUM,,,,2,6
1769970640.2238517,MEDIUM,,,,2,6
1769970641.2446153,MEDIUM,,,,2,6
1769970642.2468169,MEDIUM,,,,2,6
1769970643.268228,MEDIUM,,,,2,6
1769970644.2685015,MEDIUM,,,,1,6
1769970645.2736633,MEDIUM,,,,2,6
1769970646.293114,MEDIUM,,,,2,6
1769970647.2935832,MEDIUM,,,,2,6
1769970648.3099904,MEDIUM,,,,2,6
1769970649.3335853,MEDIUM,,,,2,6
1769970650.3388362,MEDIUM,,,,2,6
1769970651.3566213,MEDIUM,,,,2,6
1769970652.3566325,MEDIUM,,,,2,6
1769970653.372548,MEDIUM,,,,2,6
1769970654.39725,MEDIUM,,,,2,6
1769970655.4151082,MEDIUM,,,,2,6
1769970656.439369,MEDIUM,,,,2,6
1769970657.461822,MEDIUM,,,,2,6
1769970658.4809048,MEDIUM,,,,2,6
1769970659.5034978,MEDIUM,,,,2,6
1769970660.523291,MEDIUM,,,,2,6
1769970661.5434072,MEDIUM,,,,1,6
1769970662.5674424,MEDIUM,,,,2,6
1769970663.5910072,MEDIUM,,,,2,6
1769970664.6131654,MEDIUM,,,,2,6
1769970665.6131797,MEDIUM,,,,2,6
1769970666.6386054,MEDIUM,,,,2,6
1769970667.6638734,MEDIUM,,,,1,6
1769970668.6645212,MEDIUM,,,,2,6
1769970669.685975,MEDIUM,,,,2,6
1769970670.6887481,MEDIUM,,,,2,6
1769970671.6909807,MEDIUM,,,,2,6
1769970672.691787,MEDIUM,,,,2,6
1769970724.1400106,MEDIUM,,,,2,6
1769970725.1632226,MEDIUM,,,,2,6
1769970726.1822307,MEDIUM,,,,2,6
1769970727.1823483,MEDIUM,,,,2,6
1769970728.1850276,MEDIUM,,,,2,6
1769970729.1891944,MEDIUM,,,,2,6
1769970730.1894195,MEDIUM,,,,2,6
1769970731.190307,MEDIUM,,,,2,6
1769970732.2127228,MEDIUM,,,,1,6
1769970733.2353954,MEDIUM,,,,2,6
1769970734.2378511,MEDIUM,,,,2,6
1769970735.2591543,MEDIUM,,,,2,6
1769970736.282218,MEDIUM,,,,2,6
1769970737.30799,MEDIUM,,,,2,6
1769970738.3271892,MEDIUM,,,,2,6
1769970739.3285367,MEDIUM,,,,2,6
1769970740.3454525,MEDIUM,,,,2,6
1769970741.3474684,MEDIUM,,,,2,6
1769970742.3674767,MEDIUM,,,,2,6
1769970743.3836615,MEDIUM,,,,2,6
1769970744.405892,MEDIUM,,,,1,6
1769970745.425194,MEDIUM,,,,2,6
1769970746.449464,MEDIUM,,,,2,6
1769970747.4719052,MEDIUM,,,,2,6
1769970748.473339,MEDIUM,,,,2,6
1769970749.475238,MEDIUM,,,,2,6
1769970750.4970205,MEDIUM,,,,2,6
1769970751.5010936,MEDIUM,,,,2,6
1769970752.5254743,MEDIUM,,,,2,6
1769970753.5455287,MEDIUM,,,,2,6
1769970754.5665362,MEDIUM,,,,2,6
1769970755.56931,MEDIUM,,,,2,6
1769970756.59329,MEDIUM,,,,2,6
1769970757.6144924,MEDIUM,,,,2,6
1769970758.6379185,MEDIUM,,,,2,6
1769970759.6542802,MEDIUM,,,,2,6
1769970760.6753137,MEDIUM,,,,2,6
1769970761.6972213,MEDIUM,,,,2,6
1769970762.7187724,MEDIUM,,,,2,6
1769970763.7410686,MEDIUM,,,,2,6
1769970764.759703,MEDIUM,,,,2,6
1769970765.7750754,MEDIUM,,,,2,6
1769970766.800149,MEDIUM,,,,2,6
1769970767.8251953,MEDIUM,,,,2,6
1769970768.8436992,MEDIUM,,,,2,6
1769970769.8679578,MEDIUM,,,,2,6
1769970770.887292,MEDIUM,,,,2,6
1769970771.9098601,MEDIUM,,,,2,6
1769970772.9342976,MEDIUM,,,,2,6
1769970773.9537473,MEDIUM,,,,2,6
1769970774.9553049,MEDIUM,,,,2,6
1769970775.974009,MEDIUM,,,,2,6
1769970776.9758782,MEDIUM,,,,2,6
1769970777.9962862,MEDIUM,,,,2,6
1769970779.0170915,MEDIUM,,,,2,6
1769970780.0196338,MEDIUM,,,,2,6
1769970781.0197139,MEDIUM,,,,2,6
1769970782.0389507,MEDIUM,,,,2,6
1769970783.0395005,MEDIUM,,,,2,6
1769970784.060031,MEDIUM,,,,2,6
1769970785.0839958,MEDIUM,,,,2,6
1769970786.106081,MEDIUM,,,,2,6
1769970787.129433,MEDIUM,,,,2,6
1769970788.1512976,MEDIUM,,,,2,6
1769970789.1739323,MEDIUM,,,,2,6
1769970790.1911108,MEDIUM,,,,2,6
1769970791.2155795,MEDIUM,,,,2,6
1769970792.2164376,MEDIUM,,,,2,6
1769970793.235136,MEDIUM,,,,2,6
1769970794.2593248,MEDIUM,,,,2,6
1769970795.2821882,MEDIUM,,,,2,6
1769970796.3014085,MEDIUM,,,,2,6
1769970797.3250024,MEDIUM,,,,2,6
1769970798.3250365,MEDIUM,,,,2,6
1769970799.3448908,MEDIUM,,,,2,6
1769970800.345801,MEDIUM,,,,2,6
1769970801.3699615,MEDIUM,,,,2,6
1769970802.3715172,MEDIUM,,,,2,6
1769970803.3943331,MEDIUM,,,,2,6
1769970804.3958855,MEDIUM,,,,2,6
1769970805.4137683,MEDIUM,,,,2,6
1769970806.4399226,MEDIUM,,,,2,6
1769970807.439996,MEDIUM,,,,2,6
1769970808.4641583,MEDIUM,,,,2,6
1769970809.486756,MEDIUM,,,,2,6
1769970810.508954,MEDIUM,,,,2,6
1769970811.5289733,MEDIUM,,,,2,6
1769970812.5539136,MEDIUM,,,,2,6
1769970813.571873,MEDIUM,,,,2,6
1769970814.5956893,MEDIUM,,,,2,6
1769970815.6172247,MEDIUM,,,,2,6
1769970816.6399682,MEDIUM,,,,2,6
1769970817.6422448,MEDIUM,,,,2,6
1769970818.6651049,MEDIUM,,,,1,6
1769970819.6914256,MEDIUM,,,,2,6
1769970820.710089,MEDIUM,,,,2,6
1769970821.7319171,MEDIUM,,,,2,6
1769970822.7332275,MEDIUM,,,,2,6
1769970823.755819,MEDIUM,,,,2,6
1769970824.7579317,MEDIUM,,,,2,6
1769970825.780144,MEDIUM,,,,2,6
1769970826.805504,MEDIUM,,,,2,6
1769970827.826334,MEDIUM,,,,2,6
1769970828.83962,MEDIUM,,,,2,6
1769970829.8430965,MEDIUM,,,,2,6
1769970830.8450243,MEDIUM,,,,2,6
1769970831.8648198,MEDIUM,,,,2,6
1769970832.8882046,MEDIUM,,,,2,6
1769970833.8882146,MEDIUM,,,,2,6
1769970834.8940358,MEDIUM,,,,2,6
1769970835.9189074,MEDIUM,,,,2,6
1769970836.9422936,MEDIUM,,,,2,6
1769970837.9431586,MEDIUM,,,,2,6
1769970838.9630475,MEDIUM,,,,2,6
1769970839.985042,MEDIUM,,,,2,6
1769970841.0062742,MEDIUM,,,,2,6
1769970842.0276024,MEDIUM,,,,2,6
1769970843.0492833,MEDIUM,,,,2,6
1769970844.0714633,MEDIUM,,,,2,6
1769970845.0953524,MEDIUM,,,,2,6
1769970846.1164236,MEDIUM,,,,2,6
1769970847.1352847,MEDIUM,,,,2,6
1769970848.138041,MEDIUM,,,,2,6
1769970849.163083,MEDIUM,,,,2,6
1769970850.163922,MEDIUM,,,,2,6
1769970851.1884882,MEDIUM,,,,2,6
1769970852.2094636,MEDIUM,,,,2,6
1769970853.2338724,MEDIUM,,,,2,6
1769970854.2527401,MEDIUM,,,,2,6
1769970855.2763593,MEDIUM,,,,2,6
1769970856.3020759,MEDIUM,,,,2,6
1769970857.302509,MEDIUM,,,,2,6
1769970858.3259518,MEDIUM,,,,2,6
1769970859.3456728,MEDIUM,,,,2,6
1769970860.3672888,MEDIUM,,,,2,6
1769970861.3925183,MEDIUM,,,,2,6
1769970862.4161031,MEDIUM,,,,2,6
1769970863.4238436,MEDIUM,,,,1,6
1769970864.4440231,MEDIUM,,,,2,6
1769970865.463673,MEDIUM,,,,2,6
1769970866.488212,MEDIUM,,,,2,6
1769970867.5113227,MEDIUM,,,,2,6
1769970868.532188,MEDIUM,,,,2,6
1769970869.5522938,MEDIUM,,,,2,6
1769970870.552341,MEDIUM,,,,2,6
1769970871.5544925,MEDIUM,,,,2,6
1769970872.554843,MEDIUM,,,,2,6
1769970873.5713449,MEDIUM,,,,1,6
1769970874.5731106,MEDIUM,,,,2,6
1769970875.5739448,MEDIUM,,,,2,6
1769970876.580462,MEDIUM,,,,2,6
1769970877.5848582,MEDIUM,,,,2,6
1769970878.5870504,MEDIUM,,,,2,6
1769970879.5895324,MEDIUM,,,,2,6
1769970880.615308,MEDIUM,,,,1,6
1769970881.6363654,MEDIUM,,,,2,6
1769970882.6596615,MEDIUM,,,,2,6
1769970883.6819804,MEDIUM,,,,2,6
1769970884.6823483,MEDIUM,,,,2,6
1769970885.707911,MEDIUM,,,,2,6
1769970886.7297344,MEDIUM,,,,2,6
1769970887.7552397,MEDIUM,,,,2,6
1769970888.780274,MEDIUM,,,,2,6
1769970889.782148,MEDIUM,,,,2,6
1769970890.805716,MEDIUM,,,,2,6
1769970891.8281977,MEDIUM,,,,2,6
1769970892.8534057,MEDIUM,,,,2,6
1769970893.875504,MEDIUM,,,,2,6
1769970894.879872,MEDIUM,,,,2,6
1769970895.9034235,MEDIUM,,,,2,6
1769970896.929286,MEDIUM,,,,2,6
1769970897.954014,MEDIUM,,,,2,6
1769970991.9227297,MEDIUM,,,,2,6
1769970992.944727,MEDIUM,,,,2,6
1769970993.9657567,MEDIUM,,,,2,6
1769970994.9836118,MEDIUM,,,,2,6
1769970996.0025551,MEDIUM,,,,2,6
1769970997.0187578,MEDIUM,,,,2,6
1769970998.0394077,MEDIUM,,,,2,6
1769970999.0574203,MEDIUM,,,,2,6
1769971000.0797935,MEDIUM,,,,2,6
1769971001.104455,MEDIUM,,,,2,6
1769971002.1236718,MEDIUM,,,,2,6
1769971003.1437218,MEDIUM,,,,2,6
1769971004.1606357,MEDIUM,,,,2,6
1769971005.181203,MEDIUM,,,,2,6
1769971006.2040722,MEDIUM,,,,2,6
1769971007.2118118,MEDIUM,,,,2,6
1769971008.2124836,MEDIUM,,,,2,6
1769971009.2348928,MEDIUM,,,,1,6
1769971010.256615,MEDIUM,,,,2,6
1769971011.2759147,MEDIUM,,,,1,6
1769971012.2900383,MEDIUM,,,,2,6
1769971013.3087122,MEDIUM,,,,2,6
1769971014.331556,MEDIUM,,,,2,6
1769971015.3328648,MEDIUM,,,,2,6
1769971016.3506525,MEDIUM,,,,2,6
1769971017.374638,MEDIUM,,,,2,6
1769971018.393715,MEDIUM,,,,2,6
1769971019.4136052,MEDIUM,,,,2,6
1769971020.4334753,MEDIUM,,,,2,6
1769971021.4568152,MEDIUM,,,,2,6
1769971022.4786816,MEDIUM,,,,2,6
1769971023.4995468,MEDIUM,,,,2,6
1769971024.5178652,MEDIUM,,,,2,6
1769971025.5336092,MEDIUM,,,,2,6
1769971026.5459077,MEDIUM,,,,2,6
1769971027.5595815,MEDIUM,,,,2,6
1769971028.5767715,MEDIUM,,,,2,6
1769971029.594507,MEDIUM,,,,1,6
1769971030.606194,MEDIUM,,,,1,6
1769971031.623379,MEDIUM,,,,2,6
1769971032.625359,MEDIUM,,,,2,6
1769971033.6459844,MEDIUM,,,,2,6
1769971034.664848,MEDIUM,,,,2,6
1769971035.6655147,MEDIUM,,,,2,6
1769971036.687639,MEDIUM,,,,2,6
1769971037.7058363,MEDIUM,,,,2,6
1769971038.7235463,MEDIUM,,,,2,6
1769971039.745629,MEDIUM,,,,2,6
1769971040.759877,MEDIUM,,,,1,6
1769971041.782318,MEDIUM,,,,1,6
1769971042.7966511,MEDIUM,,,,0,6
1769971043.8158262,MEDIUM,,,,1,6
1769971044.817807,MEDIUM,,,,1,6
1769971045.8204672,MEDIUM,,,,2,6
1769971046.8434107,MEDIUM,,,,2,6
1769971047.8592734,MEDIUM,,,,2,6
1769971048.8813982,MEDIUM,,,,2,6
1769971049.9035277,MEDIUM,,,,2,6
1769971050.9236248,MEDIUM,,,,2,6
1769971051.941628,MEDIUM,,,,2,6
1769971052.9669473,MEDIUM,,,,2,6
1769971053.9895694,MEDIUM,,,,2,6
1769971055.0093434,MEDIUM,,,,2,6
1769971056.0286374,MEDIUM,,,,2,6
1769971057.0546668,MEDIUM,,,,2,6
1769971058.0694196,MEDIUM,,,,2,6
1769971059.0886836,MEDIUM,,,,2,6
1769971060.0914474,MEDIUM,,,,2,6
1769971061.1155407,MEDIUM,,,,2,6
1769971062.1387682,MEDIUM,,,,2,6
1769971063.1631105,MEDIUM,,,,1,6
1769971064.1778219,MEDIUM,,,,2,6
1769971065.198106,MEDIUM,,,,2,6
1769971066.217594,MEDIUM,,,,2,6
1769971067.235709,MEDIUM,,,,2,6
1769971068.2529254,MEDIUM,,,,2,6
1769971069.2712846,MEDIUM,,,,2,6
1769971070.276454,MEDIUM,,,,2,6
1769971071.2974162,MEDIUM,,,,2,6
1769971072.3024864,MEDIUM,,,,1,6
1769971073.3248622,MEDIUM,,,,2,6
1769971074.3433497,MEDIUM,,,,2,6
1769971075.364837,MEDIUM,,,,1,6
1769971076.3675299,MEDIUM,,,,2,6
1769971077.3898182,MEDIUM,,,,2,6
1769971078.408473,MEDIUM,,,,2,6
1769971079.427333,MEDIUM,,,,2,6
1769971080.4433906,MEDIUM,,,,2,6
1769971081.4681609,MEDIUM,,,,2,6
1769971082.4919908,MEDIUM,,,,2,6
1769971083.5134609,MEDIUM,,,,2,6
1769971084.5285587,MEDIUM,,,,2,6
1769971085.5474317,MEDIUM,,,,2,6
1769971086.568323,MEDIUM,,,,2,6
1769971087.5698195,MEDIUM,,,,2,6
1769971088.5880241,MEDIUM,,,,2,6
1769971089.5898352,MEDIUM,,,,2,6
1769971090.6150515,MEDIUM,,,,2,6
1769971091.6156633,MEDIUM,,,,2,6
1769971092.635442,MEDIUM,,,,2,6
1769971093.658727,MEDIUM,,,,2,6
1769971094.682772,MEDIUM,,,,2,6
1769971095.7050712,MEDIUM,,,,2,6
1769971096.7226326,MEDIUM,,,,2,6
1769971097.7411628,MEDIUM,,,,2,6
1769971098.760226,MEDIUM,,,,2,6
1769971099.778657,MEDIUM,,,,2,6
1769971100.7984536,MEDIUM,,,,2,6
1769971101.8233662,MEDIUM,,,,1,6
1769971102.8477895,MEDIUM,,,,2,6
1769971103.8666978,MEDIUM,,,,2,6
1769971104.87099,MEDIUM,,,,2,6
1769971105.8945093,MEDIUM,,,,1,6
1769971106.919409,MEDIUM,,,,2,6
1769971107.9447012,MEDIUM,,,,2,6
1769971108.9587996,MEDIUM,,,,2,6
1769971109.9783633,MEDIUM,,,,2,6
1769971110.995915,MEDIUM,,,,2,6
1769971112.01187,MEDIUM,,,,2,6
1769971113.0290964,MEDIUM,,,,2,6
1769971114.0525727,MEDIUM,,,,2,6
1769971115.0686533,MEDIUM,,,,2,6
1769971116.085049,MEDIUM,,,,2,6
1769971117.1008341,MEDIUM,,,,1,6
1769971118.1198173,MEDIUM,,,,2,6
1769971119.1385214,MEDIUM,,,,2,6
1769971120.1479414,MEDIUM,,,,2,6
1769971121.1638029,MEDIUM,,,,2,6
1769971122.183648,MEDIUM,,,,2,6
1769971123.1837888,MEDIUM,,,,2,6
1769971124.2083056,MEDIUM,,,,2,6
1769971125.2086713,MEDIUM,,,,2,6
1769971126.2268207,MEDIUM,,,,2,6
1769971127.245403,MEDIUM,,,,2,6
1769971128.265834,MEDIUM,,,,2,6
1769971129.2848327,MEDIUM,,,,2,6
1769971130.3012946,MEDIUM,,,,2,6
1769971131.3237283,MEDIUM,,,,2,6
1769971132.3451009,MEDIUM,,,,2,6
1769971133.3614428,MEDIUM,,,,2,6
1769971134.381914,MEDIUM,,,,2,6
1769971135.4044905,MEDIUM,,,,2,6
1769971136.427034,MEDIUM,,,,2,6
1769971137.4500492,MEDIUM,,,,2,6
1769971138.4736784,MEDIUM,,,,2,6
1769971139.489717,MEDIUM,,,,2,6
1769971140.50683,MEDIUM,,,,2,6
1769971141.526333,MEDIUM,,,,2,6
1769971142.528363,MEDIUM,,,,2,6
1769971143.5538092,MEDIUM,,,,1,6
1769971144.5546265,MEDIUM,,,,1,6
1769971145.5582366,MEDIUM,,,,2,6
1769971146.5593712,MEDIUM,,,,2,6
1769971147.5777097,MEDIUM,,,,2,6
1769971148.597461,MEDIUM,,,,2,6
1769971149.6175263,MEDIUM,,,,2,6
1769971150.6366727,MEDIUM,,,,2,6
1769971151.6557071,MEDIUM,,,,1,6
1769971152.6774483,MEDIUM,,,,2,6
1769971153.696473,MEDIUM,,,,2,6
1769971154.7167442,MEDIUM,,,,2,6
1769971155.739564,MEDIUM,,,,2,6
1769971156.761817,MEDIUM,,,,1,6
1769971157.7866175,MEDIUM,,,,2,6
1769971158.805737,MEDIUM,,,,2,6
1769971159.8233347,MEDIUM,,,,2,6
1769971160.8434112,MEDIUM,,,,1,6
1769971161.861384,MEDIUM,,,,2,6
1769971162.8835044,MEDIUM,,,,2,6
1769971163.8890228,MEDIUM,,,,2,6
1769971164.9113653,MEDIUM,,,,2,6
1769971165.9333801,MEDIUM,,,,2,6
1769971166.9544022,MEDIUM,,,,2,6
1769971167.9791555,MEDIUM,,,,2,6
1769971168.9797852,MEDIUM,,,,2,6
1769971169.9945457,MEDIUM,,,,1,6
1769971170.9399395,HIGH,10,0.05,150,,
1769971171.0161052,HIGH,,,,2,10
1769971172.0174327,HIGH,,,,2,10
1769971173.0175292,HIGH,,,,2,10
1769971174.0401626,HIGH,,,,2,10
1769971175.0553935,HIGH,,,,2,10
1769971176.0734513,HIGH,,,,2,10
1769971177.0967522,HIGH,,,,2,10
1769971178.1155155,HIGH,,,,2,10
1769971179.1328232,HIGH,,,,2,10
1769971180.1516085,HIGH,,,,2,10
1769971181.175297,HIGH,,,,2,10
1769971182.1937273,HIGH,,,,2,10
1769971183.2147882,HIGH,,,,2,10
1769971184.2381275,HIGH,,,,2,10
1769971185.2567744,HIGH,,,,2,10
1769971186.2594304,HIGH,,,,2,10
1769971187.2809446,HIGH,,,,2,10
1769971188.2986374,HIGH,,,,2,10
1769971189.3164904,HIGH,,,,2,10
1769971190.3366888,HIGH,,,,2,10
1769971191.35936,HIGH,,,,2,10
1769971192.3753939,HIGH,,,,2,10
1769971193.3918798,HIGH,,,,2,10
1769971194.4114425,HIGH,,,,2,10
1769971195.4311442,HIGH,,,,1,10
1769971196.4562712,HIGH,,,,1,10
1769971197.457522,HIGH,,,,2,10
1769971198.4787498,HIGH,,,,2,10
1769971199.5009055,HIGH,,,,2,10
1769971200.523524,HIGH,,,,2,10
1769971201.544343,HIGH,,,,2,10
1769971202.5641031,HIGH,,,,2,10
1769971203.5846949,HIGH,,,,2,10
1769971204.6064744,HIGH,,,,2,10
1769971205.6303182,HIGH,,,,2,10
1769971206.653661,HIGH,,,,2,10
1769971207.6764162,HIGH,,,,2,10
1769971208.7001743,HIGH,,,,2,10
1769971209.7257667,HIGH,,,,2,10
1769971210.7407098,HIGH,,,,2,10
1769971211.7584622,HIGH,,,,2,10
1769971212.7762017,HIGH,,,,2,10
1769971213.8008053,HIGH,,,,2,10
1769971214.8208966,HIGH,,,,2,10
1769971215.8394794,HIGH,,,,2,10
1769971216.8583214,HIGH,,,,2,10
1769971217.8744566,HIGH,,,,2,10
1769971218.895876,HIGH,,,,2,10
1769971219.916498,HIGH,,,,2,10
1769971220.935194,HIGH,,,,2,10
1769971221.9537263,HIGH,,,,2,10
1769971222.9734588,HIGH,,,,2,10
1769971223.9976554,HIGH,,,,2,10
1769971225.0176222,HIGH,,,,1,10
1769971226.0205586,HIGH,,,,2,10
1769971227.0431778,HIGH,,,,2,10
1769971228.0572164,HIGH,,,,2,10
1769971229.0791795,HIGH,,,,2,10
1769971230.0803015,HIGH,,,,2,10
1769971231.080804,HIGH,,,,2,10
1769971232.1006699,HIGH,,,,2,10
1769971233.1236618,HIGH,,,,2,10
1769971234.1416423,HIGH,,,,2,10
1769971235.1634922,HIGH,,,,2,10
1769971236.1841471,HIGH,,,,2,10
1769971237.2057862,HIGH,,,,2,10
1769971238.2263818,HIGH,,,,2,10
1769971239.2515774,HIGH,,,,2,10
1769971240.2705371,HIGH,,,,2,10
1769971241.2752318,HIGH,,,,1,10
1769971242.29379,HIGH,,,,2,10
1769971243.3145022,HIGH,,,,2,10
1769971244.3385682,HIGH,,,,2,10
1769971245.3620136,HIGH,,,,2,10
1769971246.3792262,HIGH,,,,2,10
1769971247.4017217,HIGH,,,,2,10
1769971248.4265742,HIGH,,,,2,10
1769971249.4492745,HIGH,,,,2,10
1769971250.469967,HIGH,,,,2,10
1769971251.4897604,HIGH,,,,2,10
1769971252.5125377,HIGH,,,,2,10
1769971253.5292964,HIGH,,,,2,10
1769971254.5543692,HIGH,,,,2,10
1769971255.5713456,HIGH,,,,2,10
1769971256.5884905,HIGH,,,,2,10
1769971257.6084735,HIGH,,,,2,10
1769971258.620129,HIGH,,,,2,10
1769971259.6351476,HIGH,,,,2,10
1769971260.636996,HIGH,,,,2,10
1769971261.6564736,HIGH,,,,2,10
1769971262.674484,HIGH,,,,2,10
1769971263.694661,HIGH,,,,2,10
1769971264.7185674,HIGH,,,,2,10
1769971265.7368402,HIGH,,,,2,10
1769971266.7577484,HIGH,,,,2,10
1769971267.7778769,HIGH,,,,2,10
1769971268.7935863,HIGH,,,,2,10
1769971269.7942233,HIGH,,,,2,10
1769971270.7967813,HIGH,,,,2,10
1769971271.8165174,HIGH,,,,2,10
1769971272.8366623,HIGH,,,,2,10
1769971273.8512738,HIGH,,,,2,10
1769971274.8669286,HIGH,,,,2,10
1769971275.8884923,HIGH,,,,2,10
1769971276.9062445,HIGH,,,,2,10
1769971277.9243834,HIGH,,,,2,10
1769971278.9249833,HIGH,,,,2,10
1769971279.9262998,HIGH,,,,2,10
1769971280.9477227,HIGH,,,,2,10
1769971281.9707022,HIGH,,,,1,10
1769971282.990564,HIGH,,,,2,10
1769971284.0112271,HIGH,,,,2,10
1769971285.0318239,HIGH,,,,2,10
1769971286.055073,HIGH,,,,2,10
1769971287.0584736,HIGH,,,,2,10
1769971288.07855,HIGH,,,,2,10
1769971289.0985615,HIGH,,,,2,10
1769971290.1216621,HIGH,,,,2,10
1769971458.2495582,MEDIUM,,,,2,6
1769971459.4184816,MEDIUM,,,,2,6
1769971460.5867643,MEDIUM,,,,2,6
1769971461.7705688,MEDIUM,,,,2,6
1769971462.964687,MEDIUM,,,,2,6
1769971464.1605198,MEDIUM,,,,2,6
1769971465.3553317,MEDIUM,,,,2,6
1769971466.5573623,MEDIUM,,,,2,6
1769971467.7508652,MEDIUM,,,,2,6
1769971468.9444313,MEDIUM,,,,2,6
1769971470.1420496,MEDIUM,,,,2,6
1769971471.3399675,MEDIUM,,,,2,6
1769971472.3481839,MEDIUM,,,,2,6
1769971473.3731027,MEDIUM,,,,2,6
1769971474.3947313,MEDIUM,,,,2,6
1769971475.4157171,MEDIUM,,,,2,6
1769971476.4406936,MEDIUM,,,,2,6
1769971477.4618955,MEDIUM,,,,2,6
1769971478.4760303,MEDIUM,,,,2,6
1769971479.4766984,MEDIUM,,,,2,6
1769971480.4802601,MEDIUM,,,,2,6
1769971481.5042927,MEDIUM,,,,2,6
1769971482.5251908,MEDIUM,,,,2,6
1769974590.4812021,MEDIUM,,,,2,6
1769974591.5059123,MEDIUM,,,,2,6
1769974592.528922,MEDIUM,,,,2,6
1769974593.5518231,MEDIUM,,,,2,6
1769974594.5711179,MEDIUM,,,,2,6
1769974595.5762599,MEDIUM,,,,2,6
1769974596.6011336,MEDIUM,,,,2,6
1769974597.6269715,MEDIUM,,,,2,6
1769974627.946177,MEDIUM,,,,2,6
1769974628.9704788,MEDIUM,,,,2,6
1769974629.9709654,MEDIUM,,,,2,6
1769974630.994585,MEDIUM,,,,2,6
1769974632.0187833,MEDIUM,,,,2,6
1769974634.1897764,MEDIUM,,,,2,6
1769974635.191061,MEDIUM,,,,2,6
1769974636.2157621,MEDIUM,,,,2,6
1769974637.23922,MEDIUM,,,,2,6
1769974638.2408707,MEDIUM,,,,2,6
1769974639.2629654,MEDIUM,,,,2,6
1769974640.26317,MEDIUM,,,,2,6
1769974641.2820337,MEDIUM,,,,2,6
1769974642.3071687,MEDIUM,,,,2,6
1769974643.3152578,MEDIUM,,,,2,6
1769974644.3383596,MEDIUM,,,,2,6
1769974645.3384323,MEDIUM,,,,2,6
1769974646.3590293,MEDIUM,,,,2,6
1769974647.3830616,MEDIUM,,,,1,6
1769974648.3834789,MEDIUM,,,,2,6
1769974649.4082017,MEDIUM,,,,2,6
1769974650.4120922,MEDIUM,,,,2,6
1769974651.4137392,MEDIUM,,,,2,6
1769974652.4358659,MEDIUM,,,,2,6
1769974653.4572167,MEDIUM,,,,2,6
1769974654.4591577,MEDIUM,,,,2,6
1769974655.4814177,MEDIUM,,,,2,6
1769974656.5011618,MEDIUM,,,,1,6
1769974657.5259557,MEDIUM,,,,2,6
1769974658.5466897,MEDIUM,,,,2,6
1769974659.550515,MEDIUM,,,,2,6
1769974660.5755754,MEDIUM,,,,2,6
1769974661.5773742,MEDIUM,,,,2,6
1769974662.6009493,MEDIUM,,,,2,6
1769974663.6035638,MEDIUM,,,,2,6
1769974664.627408,MEDIUM,,,,2,6
1769974665.628373,MEDIUM,,,,2,6
1769974666.6488347,MEDIUM,,,,2,6
1769974667.6673567,MEDIUM,,,,2,6
1769974668.6904662,MEDIUM,,,,2,6
1769974669.711648,MEDIUM,,,,2,6
1769974670.7315507,MEDIUM,,,,2,6
1769974671.752297,MEDIUM,,,,1,6
1769974672.7722445,MEDIUM,,,,2,6
1769974673.7912767,MEDIUM,,,,2,6
1769974674.812384,MEDIUM,,,,2,6
1769974675.8138957,MEDIUM,,,,2,6
1769974676.8287694,MEDIUM,,,,2,6
1769974677.8484237,MEDIUM,,,,2,6
1769974678.8727145,MEDIUM,,,,2,6
1769974679.8958938,MEDIUM,,,,2,6
1769974680.9202113,MEDIUM,,,,2,6
1769974681.9428325,MEDIUM,,,,2,6
1769974682.9640546,MEDIUM,,,,2,6
1769974683.9878275,MEDIUM,,,,2,6
1769974684.9880986,MEDIUM,,,,2,6
1769974685.9924045,MEDIUM,,,,2,6
1769974687.0150175,MEDIUM,,,,2,6
1769974688.0182889,MEDIUM,,,,2,6
1769974689.0429955,MEDIUM,,,,2,6
1769974690.068358,MEDIUM,,,,2,6
1769974691.0900428,MEDIUM,,,,2,6
1769974692.091477,MEDIUM,,,,2,6
1769974693.091713,MEDIUM,,,,1,6
1769974694.115757,MEDIUM,,,,1,6
1769974695.1346076,MEDIUM,,,,2,6
1769974696.1583953,MEDIUM,,,,2,6
1769974697.1590304,MEDIUM,,,,2,6
1769974698.1778376,MEDIUM,,,,2,6
1769974699.2016463,MEDIUM,,,,2,6
1769974700.2251456,MEDIUM,,,,2,6
1769974701.2414527,MEDIUM,,,,1,6
1769974702.2436068,MEDIUM,,,,2,6
1769974703.2685509,MEDIUM,,,,2,6
1769974704.2932255,MEDIUM,,,,2,6
1769974705.3182309,MEDIUM,,,,2,6
1769974706.3411655,MEDIUM,,,,2,6
1769974707.3418674,MEDIUM,,,,2,6
1769974708.3654702,MEDIUM,,,,2,6
1769974709.3895955,MEDIUM,,,,2,6
1769974710.4046779,MEDIUM,,,,2,6
1769974711.4171062,MEDIUM,,,,2,6
1769974712.4380002,MEDIUM,,,,2,6
1769974713.4543622,MEDIUM,,,,1,6
1769974714.4777498,MEDIUM,,,,0,6
1769974715.4960637,MEDIUM,,,,0,6
1769974716.520135,MEDIUM,,,,1,6
1769974717.5206304,MEDIUM,,,,2,6
1769974718.5409966,MEDIUM,,,,2,6
1769974719.5443342,MEDIUM,,,,2,6
1769974720.5696442,MEDIUM,,,,2,6
1769974721.5703702,MEDIUM,,,,2,6
1769974722.591713,MEDIUM,,,,2,6
1769974723.6120977,MEDIUM,,,,2,6
1769974724.6352212,MEDIUM,,,,2,6
1769974725.6529853,MEDIUM,,,,2,6
1769974726.6537704,MEDIUM,,,,2,6
1769974727.6759338,MEDIUM,,,,2,6
1769974728.69264,MEDIUM,,,,1,6
1769974729.6942124,MEDIUM,,,,2,6
1769974730.7139142,MEDIUM,,,,2,6
1769974731.7375882,MEDIUM,,,,2,6
1769974732.7616096,MEDIUM,,,,2,6
1769974733.7856147,MEDIUM,,,,2,6
1769974734.810432,MEDIUM,,,,2,6
1769974735.8299875,MEDIUM,,,,2,6
1769974736.8531487,MEDIUM,,,,2,6
1769974737.878141,MEDIUM,,,,2,6
1769974738.9033272,MEDIUM,,,,2,6
1769974739.9197376,MEDIUM,,,,2,6
1769974740.942127,MEDIUM,,,,2,6
1769974741.9462776,MEDIUM,,,,1,6
1769974742.966667,MEDIUM,,,,2,6
1769974743.9895885,MEDIUM,,,,2,6
1769974744.9940796,MEDIUM,,,,2,6
1769974746.010421,MEDIUM,,,,2,6
1769974747.0338466,MEDIUM,,,,2,6
1769974748.0370917,MEDIUM,,,,2,6
1769974749.0620377,MEDIUM,,,,2,6
1769974750.0791683,MEDIUM,,,,2,6
1769974751.1020026,MEDIUM,,,,2,6
1769974752.124416,MEDIUM,,,,2,6
1769974753.125832,MEDIUM,,,,2,6
1769974754.146001,MEDIUM,,,,2,6
1769974755.167892,MEDIUM,,,,1,6
1769974756.1863794,MEDIUM,,,,1,6
1769974757.20904,MEDIUM,,,,1,6
1769974758.2334561,MEDIUM,,,,1,6
1769974759.2565808,MEDIUM,,,,2,6
1769974760.2796886,MEDIUM,,,,2,6
1769974761.3007927,MEDIUM,,,,2,6
1769974762.3018847,MEDIUM,,,,2,6
1769974763.3021765,MEDIUM,,,,2,6
1769974764.3274724,MEDIUM,,,,2,6
1769974765.350657,MEDIUM,,,,1,6
1769974766.3701816,MEDIUM,,,,2,6
1769974769.9556966,MEDIUM,,,,2,6
1769974770.9568872,MEDIUM,,,,2,6
1769974771.9797003,MEDIUM,,,,2,6
1769974773.0040514,MEDIUM,,,,2,6
1769974774.0261126,MEDIUM,,,,2,6
1769974775.0395026,MEDIUM,,,,2,6
1769975104.6838412,MEDIUM,,,,2,6
1769975105.684869,MEDIUM,,,,2,6
1769975106.7024202,MEDIUM,,,,2,6
1769975107.8768504,MEDIUM,,,,2,6
1769975108.880869,MEDIUM,,,,2,6
1769975109.902437,MEDIUM,,,,2,6
1769975110.944965,MEDIUM,,,,2,6
1769975111.9568026,MEDIUM,,,,2,6
1769975112.9680293,MEDIUM,,,,2,6
1769975113.9768257,MEDIUM,,,,2,6
1769975117.4151752,MEDIUM,,,,2,6
1769975118.4356992,MEDIUM,,,,2,6
1769975119.4374654,MEDIUM,,,,2,6
1769975120.4582233,MEDIUM,,,,2,6
1769975121.4820738,MEDIUM,,,,2,6
1769975122.5056407,MEDIUM,,,,1,6
1769975123.5074189,MEDIUM,,,,2,6
1769975124.5328376,MEDIUM,,,,2,6
1769975125.5365582,MEDIUM,,,,2,6
1769975126.5543034,MEDIUM,,,,2,6
1769975127.578378,MEDIUM,,,,2,6
1769975128.5819771,MEDIUM,,,,2,6
1769975129.606347,MEDIUM,,,,2,6
1769975130.6115968,MEDIUM,,,,1,6
1769975131.6142948,MEDIUM,,,,2,6
1769975132.6190608,MEDIUM,,,,2,6
1769975133.6427689,MEDIUM,,,,2,6
1769975134.6649475,MEDIUM,,,,2,6
1769975135.6881785,MEDIUM,,,,2,6
1769975601.4049149,MEDIUM,,,,2,6
1769975602.4251418,MEDIUM,,,,2,6
1769975603.4455855,MEDIUM,,,,2,6
1769975604.4709594,MEDIUM,,,,2,6
1769975605.4937408,MEDIUM,,,,2,6
1769975606.516427,MEDIUM,,,,2,6
1769975607.5369718,MEDIUM,,,,2,6
1769975608.5608385,MEDIUM,,,,2,6
1769975609.5861843,MEDIUM,,,,2,6
1769975610.605095,MEDIUM,,,,2,6
1769975611.7135544,MEDIUM,,,,2,6
1769975612.743242,MEDIUM,,,,2,6
1769975613.7602975,MEDIUM,,,,2,6
1769975614.783966,MEDIUM,,,,2,6
1769975615.802542,MEDIUM,,,,2,6
1769975616.8140466,MEDIUM,,,,2,6
1769975617.8186603,MEDIUM,,,,2,6
1769975618.8462524,MEDIUM,,,,2,6
1769975619.8926058,MEDIUM,,,,2,6
1769975620.9546645,MEDIUM,,,,2,6
1769975621.9931717,MEDIUM,,,,2,6
1769975623.0090113,MEDIUM,,,,2,6
1769975624.0289369,MEDIUM,,,,2,6
1769975625.051402,MEDIUM,,,,2,6
1769975626.052711,MEDIUM,,,,2,6
1769975627.098973,MEDIUM,,,,2,6
1769975628.194944,MEDIUM,,,,2,6
1769975629.226167,MEDIUM,,,,2,6
1769975630.229887,MEDIUM,,,,2,6
1769975631.245483,MEDIUM,,,,2,6
1769975632.256212,MEDIUM,,,,2,6
1769975633.261339,MEDIUM,,,,2,6
1769975634.2624643,MEDIUM,,,,2,6
1769975635.266787,MEDIUM,,,,2,6
1769975636.267511,MEDIUM,,,,2,6
1769975637.2867892,MEDIUM,,,,2,6
1769975638.3098433,MEDIUM,,,,2,6
1769975639.3237867,MEDIUM,,,,2,6
1770185959.374953,MEDIUM,,,,2,6
1770185960.382988,MEDIUM,,,,2,6
1770185961.4080946,MEDIUM,,,,2,6
1770185962.4318094,MEDIUM,,,,2,6
1770185963.4548702,MEDIUM,,,,2,6
1770185964.4553688,MEDIUM,,,,2,6
1770185965.4556057,MEDIUM,,,,2,6
1770185966.4788263,MEDIUM,,,,2,6
1770185967.4843538,MEDIUM,,,,2,6
1770185968.487608,MEDIUM,,,,2,6
1770185969.4892237,MEDIUM,,,,2,6
1770185970.5131721,MEDIUM,,,,2,6
1770185971.5355666,MEDIUM,,,,2,6
1770185972.5578973,MEDIUM,,,,2,6
1770185973.55996,MEDIUM,,,,2,6
1770185974.5610402,MEDIUM,,,,2,6
1770185975.5816882,MEDIUM,,,,2,6
1770185976.6063097,MEDIUM,,,,2,6
1770185977.6101322,MEDIUM,,,,2,6
1770185978.6102319,MEDIUM,,,,2,6
1770185979.6368437,MEDIUM,,,,2,6
1770189520.9324214,MEDIUM,,,,2,6
1770189521.9554312,MEDIUM,,,,2,6
1770189522.973805,MEDIUM,,,,2,6
1770189523.9975626,MEDIUM,,,,2,6
1770189525.0170994,MEDIUM,,,,2,6
1770189526.020779,MEDIUM,,,,2,6
1770189527.0212874,MEDIUM,,,,2,6
1770189528.044603,MEDIUM,,,,2,6
1770189529.0936518,MEDIUM,,,,2,6
1770189530.2295892,MEDIUM,,,,1,6
1770189531.3554058,MEDIUM,,,,2,6
1770189532.4793627,MEDIUM,,,,2,6
1770189533.6133206,MEDIUM,,,,2,6
1770189534.7364905,MEDIUM,,,,2,6
1770189535.8584874,MEDIUM,,,,2,6
1770189536.989856,MEDIUM,,,,2,6
1770189538.1178226,MEDIUM,,,,2,6
1770189539.236884,MEDIUM,,,,2,6
1770189540.355904,MEDIUM,,,,2,6
1770189541.3566976,MEDIUM,,,,2,6
1770189542.4135888,MEDIUM,,,,2,6
1770189543.5323179,MEDIUM,,,,2,6
1770189544.6608317,MEDIUM,,,,2,6
1770189545.7961838,MEDIUM,,,,2,6
1770189546.8103004,MEDIUM,,,,2,6
1770189547.8731716,MEDIUM,,,,2,6
1770189548.9946756,MEDIUM,,,,2,6
1770189549.9960039,MEDIUM,,,,2,6
1770189551.0511358,MEDIUM,,,,1,6
1770189552.164572,MEDIUM,,,,2,6
1770189553.2869632,MEDIUM,,,,2,6
1770189554.4123921,MEDIUM,,,,2,6
1770189555.5295365,MEDIUM,,,,2,6
1770189556.6670845,MEDIUM,,,,2,6
1770189557.7929337,MEDIUM,,,,2,6
1770189558.7947102,MEDIUM,,,,2,6
1770189559.8362463,MEDIUM,,,,2,6
1770189560.971342,MEDIUM,,,,2,6
1770189562.0965178,MEDIUM,,,,2,6
1770189563.0973077,MEDIUM,,,,2,6
1770189564.1335819,MEDIUM,,,,2,6
1770189565.1386392,MEDIUM,,,,2,6
1770189566.16753,MEDIUM,,,,2,6
1770189567.1855128,MEDIUM,,,,2,6
1770189568.241345,MEDIUM,,,,2,6
1770189569.376053,MEDIUM,,,,2,6
1770189570.501039,MEDIUM,,,,2,6
1770189571.6326566,MEDIUM,,,,2,6
1770189572.7518837,MEDIUM,,,,2,6
1770189573.86053,MEDIUM,,,,2,6
1770189574.9817455,MEDIUM,,,,2,6
1770189576.1119452,MEDIUM,,,,2,6
1770189577.2373202,MEDIUM,,,,2,6
1770189578.350526,MEDIUM,,,,2,6
1770189579.4750638,MEDIUM,,,,2,6
1770189580.593552,MEDIUM,,,,2,6
1770189581.7054536,MEDIUM,,,,2,6
1770189582.8069992,MEDIUM,,,,2,6
1770189583.9284322,MEDIUM,,,,2,6
1770189585.041762,MEDIUM,,,,2,6
1770189586.165937,MEDIUM,,,,2,6
1770189587.2932122,MEDIUM,,,,2,6
1770189588.4155226,MEDIUM,,,,2,6
1770189589.5362523,MEDIUM,,,,2,6
1770189590.6620045,MEDIUM,,,,1,6
1770189591.7866464,MEDIUM,,,,2,6
1770189592.912707,MEDIUM,,,,2,6
1770189594.0341,MEDIUM,,,,2,6
1770189595.1522868,MEDIUM,,,,2,6
1770189596.2760587,MEDIUM,,,,2,6
1770189597.389287,MEDIUM,,,,2,6
1770189598.5107722,MEDIUM,,,,2,6
1770189599.651034,MEDIUM,,,,2,6
1770189600.672891,MEDIUM,,,,2,6
1770189601.7115295,MEDIUM,,,,2,6
1770189602.836015,MEDIUM,,,,2,6
1770189603.8568864,MEDIUM,,,,2,6
1770189604.8937726,MEDIUM,,,,2,6
1770189606.0043194,MEDIUM,,,,2,6
1770189607.1321707,MEDIUM,,,,2,6
1770189608.2505429,MEDIUM,,,,2,6
1770189609.377094,MEDIUM,,,,2,6
1770189610.492608,MEDIUM,,,,2,6
1770189611.6090257,MEDIUM,,,,2,6
1770189612.7304668,MEDIUM,,,,2,6
1770189613.8429058,MEDIUM,,,,2,6
1770189614.9551916,MEDIUM,,,,2,6
1770189616.0803728,MEDIUM,,,,2,6
1770189617.2177274,MEDIUM,,,,2,6
1770189618.3473048,MEDIUM,,,,2,6
1770189619.4763503,MEDIUM,,,,2,6
1770189620.5969923,MEDIUM,,,,2,6
1770189621.7230322,MEDIUM,,,,2,6
1770189622.8518991,MEDIUM,,,,2,6
1770189623.9769838,MEDIUM,,,,2,6
1770189625.0965421,MEDIUM,,,,2,6
1770189626.2192998,MEDIUM,,,,2,6
1770189627.3467393,MEDIUM,,,,2,6
1770189628.4762065,MEDIUM,,,,2,6
1770189629.6057513,MEDIUM,,,,2,6
1770189630.729176,MEDIUM,,,,2,6
1770189631.854819,MEDIUM,,,,2,6
1770189632.9790587,MEDIUM,,,,2,6
1770189634.0996475,MEDIUM,,,,2,6
1770189635.216425,MEDIUM,,,,2,6
1770189636.3420634,MEDIUM,,,,2,6
1770189637.4788675,MEDIUM,,,,2,6
1770189638.5948644,MEDIUM,,,,2,6
1770189639.7134464,MEDIUM,,,,2,6
1770189640.7178693,MEDIUM,,,,2,6
1770189641.7803605,MEDIUM,,,,2,6
1770191694.0335333,MEDIUM,,,,2,6
1770191695.0587368,MEDIUM,,,,2,6
1770191696.0805879,MEDIUM,,,,2,6
1770191697.1031272,MEDIUM,,,,2,6
1770191698.1187544,MEDIUM,,,,2,6
1770191699.1435814,MEDIUM,,,,2,6
1770191700.1931415,MEDIUM,,,,2,6
1770191701.3356102,MEDIUM,,,,2,6
1770191702.465052,MEDIUM,,,,2,6
1770191703.4685962,MEDIUM,,,,2,6
1770191704.5130935,MEDIUM,,,,2,6
1770191705.646373,MEDIUM,,,,2,6
1770191706.775858,MEDIUM,,,,2,6
1770191707.9101348,MEDIUM,,,,2,6
1770191709.0424252,MEDIUM,,,,2,6
1770191710.177018,MEDIUM,,,,2,6
1770191711.3097966,MEDIUM,,,,2,6
1770191712.4373274,MEDIUM,,,,2,6
1770191713.441604,MEDIUM,,,,2,6
1770191714.4746952,MEDIUM,,,,2,6
1770191715.4752343,MEDIUM,,,,2,6
1770191716.5228095,MEDIUM,,,,2,6
1770191717.5308032,MEDIUM,,,,2,6
1770191718.5727215,MEDIUM,,,,2,6
1770191719.700455,MEDIUM,,,,1,6
1770191720.8288467,MEDIUM,,,,1,6
1770191721.8293276,MEDIUM,,,,1,6
1770191722.8695025,MEDIUM,,,,2,6
1770191723.8714573,MEDIUM,,,,1,6
1770191724.911356,MEDIUM,,,,2,6
1770191726.0454364,MEDIUM,,,,2,6
1770191727.16993,MEDIUM,,,,2,6
1770191728.2996979,MEDIUM,,,,2,6
1770191729.4303765,MEDIUM,,,,2,6
1770191730.5626886,MEDIUM,,,,2,6
1770191731.676315,MEDIUM,,,,2,6
1770191732.8039536,MEDIUM,,,,2,6
1770191733.9411292,MEDIUM,,,,2,6
1770191735.0692184,MEDIUM,,,,2,6
1770191736.1976173,MEDIUM,,,,2,6
1770191737.3265827,MEDIUM,,,,2,6
1770191738.3384569,MEDIUM,,,,2,6
1770191739.3755255,MEDIUM,,,,2,6
1770191740.5088077,MEDIUM,,,,2,6
1770191741.6347754,MEDIUM,,,,2,6
1770191742.6359434,MEDIUM,,,,2,6
1770191743.680262,MEDIUM,,,,2,6
1770191744.8047683,MEDIUM,,,,2,6
1770191745.9400868,MEDIUM,,,,2,6
1770191747.0759277,MEDIUM,,,,2,6
1770191748.0985727,MEDIUM,,,,2,6
1770191749.1848156,MEDIUM,,,,2,6
1770191750.207617,MEDIUM,,,,2,6
1770192579.9397361,MEDIUM,,,,2,6
1770192580.952305,MEDIUM,,,,2,6
1770192581.9938517,MEDIUM,,,,2,6
1770192582.995164,MEDIUM,,,,2,6
1770192584.0416179,MEDIUM,,,,2,6
1770192585.0488522,MEDIUM,,,,2,6
1770192586.0972593,MEDIUM,,,,2,6
1770192587.1002994,MEDIUM,,,,2,6
1770192588.150921,MEDIUM,,,,2,6
1770192589.156338,MEDIUM,,,,2,6
1770192590.2045934,MEDIUM,,,,2,6
1770192591.2092655,MEDIUM,,,,2,6
1770192592.2532651,MEDIUM,,,,2,6
1770192593.2616382,MEDIUM,,,,1,6
1770192594.3097794,MEDIUM,,,,2,6
1770192595.3313706,MEDIUM,,,,2,6
1770192596.353671,MEDIUM,,,,2,6
1770192597.3781352,MEDIUM,,,,2,6
1770192598.4019682,MEDIUM,,,,2,6
1770192599.4099612,MEDIUM,,,,2,6
1770192600.4569697,MEDIUM,,,,2,6
1770192601.4590669,MEDIUM,,,,2,6
1770192602.508272,MEDIUM,,,,2,6
1770192603.5098195,MEDIUM,,,,2,6
1770192604.5536397,MEDIUM,,,,2,6
1770192605.5608635,MEDIUM,,,,2,6
1770192606.6151378,MEDIUM,,,,2,6
1770192607.6226027,MEDIUM,,,,2,6
1770192608.676703,MEDIUM,,,,2,6
1770192609.6802163,MEDIUM,,,,2,6
1770192610.7319605,MEDIUM,,,,2,6
1770192611.7328045,MEDIUM,,,,2,6
1770192612.783403,MEDIUM,,,,2,6
1770192613.8037055,MEDIUM,,,,2,6
1770192614.8229337,MEDIUM,,,,2,6
1770192615.8440812,MEDIUM,,,,2,6
1770192616.8614573,MEDIUM,,,,2,6
1770192617.8831797,MEDIUM,,,,2,6
1770192618.9020348,MEDIUM,,,,2,6
1770192619.9236834,MEDIUM,,,,2,6
1770192620.945927,MEDIUM,,,,2,6
1770192622.0174973,MEDIUM,,,,2,6
1770192623.024909,MEDIUM,,,,2,6
1770192624.0720243,MEDIUM,,,,2,6
1770192625.0753713,MEDIUM,,,,1,6
1770192626.1206982,MEDIUM,,,,2,6
1770192627.126091,MEDIUM,,,,2,6
1770192628.1711652,MEDIUM,,,,2,6
1770192629.177992,MEDIUM,,,,2,6
1770192630.2277548,MEDIUM,,,,2,6
1770192631.2369392,MEDIUM,,,,2,6
1770192632.28273,MEDIUM,,,,2,6
1770192633.2928834,MEDIUM,,,,2,6
1770192634.3376725,MEDIUM,,,,2,6
1770192635.3439572,MEDIUM,,,,2,6
1770192636.3912425,MEDIUM,,,,2,6
1770192637.3988175,MEDIUM,,,,2,6
1770192638.4493487,MEDIUM,,,,1,6
1770192639.4543006,MEDIUM,,,,1,6
1770192640.4960053,MEDIUM,,,,1,6
1770192641.5198379,MEDIUM,,,,2,6
1770192642.545227,MEDIUM,,,,2,6
1770192643.5456855,MEDIUM,,,,2,6
1770192644.5934987,MEDIUM,,,,2,6
1770192645.5966008,MEDIUM,,,,2,6
1770192646.651984,MEDIUM,,,,2,6
1770192647.6556852,MEDIUM,,,,2,6
1770192648.7111394,MEDIUM,,,,2,6
1770192649.7201579,MEDIUM,,,,2,6
1770192650.774355,MEDIUM,,,,2,6
1770192651.7835455,MEDIUM,,,,2,6
1770192652.8363829,MEDIUM,,,,2,6
1770192667.9208467,MEDIUM,,,,2,6
1770192668.928096,MEDIUM,,,,2,6
1770192669.9810345,MEDIUM,,,,2,6
1770192670.9821477,MEDIUM,,,,2,6
1770192672.0250585,MEDIUM,,,,2,6
1770192673.0302022,MEDIUM,,,,2,6
1770192674.0770705,MEDIUM,,,,2,6
1770192675.0772746,MEDIUM,,,,2,6
1770192688.335267,MEDIUM,,,,2,6
1770192689.357785,MEDIUM,,,,2,6
1770192690.3769486,MEDIUM,,,,2,6
1770192691.4002512,MEDIUM,,,,2,6
1770192692.4178522,MEDIUM,,,,2,6
1770192693.4371865,MEDIUM,,,,2,6
1770192694.4570534,MEDIUM,,,,2,6
1770192695.477099,MEDIUM,,,,2,6
1770192696.494245,MEDIUM,,,,2,6
1770192697.5129743,MEDIUM,,,,2,6
1770192698.535274,MEDIUM,,,,2,6
1770192699.5552723,MEDIUM,,,,2,6
1770192700.5757883,MEDIUM,,,,2,6
1770192701.5985694,MEDIUM,,,,2,6
1770192702.6170893,MEDIUM,,,,2,6
1770192703.6375263,MEDIUM,,,,2,6
1770192704.6580827,MEDIUM,,,,2,6
1770192705.682653,MEDIUM,,,,2,6
1770192706.6855984,MEDIUM,,,,2,6
1770192707.710696,MEDIUM,,,,2,6
1770192708.7280068,MEDIUM,,,,2,6
1770192709.74676,MEDIUM,,,,2,6
1770192710.770944,MEDIUM,,,,2,6
1770192711.7888088,MEDIUM,,,,2,6
1770192712.924107,MEDIUM,,,,2,6
1770192713.9317372,MEDIUM,,,,2,6
1770192714.9812386,MEDIUM,,,,2,6
1770192715.9857016,MEDIUM,,,,2,6
1770192717.0359466,MEDIUM,,,,2,6
1770234173.2922475,MEDIUM,,,,2,6
1770234174.338687,MEDIUM,,,,2,6
1770234175.3536654,MEDIUM,,,,2,6
1770234176.3653295,MEDIUM,,,,2,6
1770234177.3788817,MEDIUM,,,,2,6
1770234178.3908153,MEDIUM,,,,2,6
1770234179.4108543,MEDIUM,,,,2,6
1770234180.4246495,MEDIUM,,,,2,6
1770234224.6820323,MEDIUM,,,,2,6
1770234225.6996744,MEDIUM,,,,2,6
1770234226.7018197,MEDIUM,,,,2,6
1770234227.7553365,MEDIUM,,,,2,6
1770234228.8334568,MEDIUM,,,,2,6
1770234229.8366282,MEDIUM,,,,2,6
1770234230.8877063,MEDIUM,,,,2,6
1770234231.8982553,MEDIUM,,,,2,6
1770234232.951948,MEDIUM,,,,2,6
1770234233.9592845,MEDIUM,,,,2,6
1770234235.0136921,MEDIUM,,,,2,6
1770234236.0138679,MEDIUM,,,,2,6
1770234237.063275,MEDIUM,,,,2,6
1770234238.0838163,MEDIUM,,,,2,6
1770234239.1372316,MEDIUM,,,,2,6
1770234240.13968,MEDIUM,,,,2,6
1770234241.1991541,MEDIUM,,,,2,6
1770234242.20343,MEDIUM,,,,2,6
1770234243.2695684,MEDIUM,,,,2,6
1770234244.2773535,MEDIUM,,,,2,6
1770234245.3231506,MEDIUM,,,,1,6
1770234246.3277037,MEDIUM,,,,2,6
1770234247.3811631,MEDIUM,,,,2,6
1770234248.384959,MEDIUM,,,,2,6
1770234249.43154,MEDIUM,,,,2,6
1770234250.457384,MEDIUM,,,,2,6
1770234251.482783,MEDIUM,,,,2,6
1770234252.4889123,MEDIUM,,,,2,6
1770234253.5421073,MEDIUM,,,,1,6
1770234254.5466633,MEDIUM,,,,2,6
1770234255.5698304,MEDIUM,,,,2,6
1770234256.5925474,MEDIUM,,,,2,6
1770234257.6174934,MEDIUM,,,,2,6
1770234258.6304977,MEDIUM,,,,2,6
1770234259.648248,MEDIUM,,,,2,6
1770234260.6617498,MEDIUM,,,,2,6
1770234261.6855311,MEDIUM,,,,2,6
1770234262.7410383,MEDIUM,,,,2,6
1770234263.7414591,MEDIUM,,,,2,6
1770234264.7854464,MEDIUM,,,,2,6
1770234265.7900572,MEDIUM,,,,2,6
1770234266.8411868,MEDIUM,,,,2,6
1770234267.844669,MEDIUM,,,,2,6
1770234268.889221,MEDIUM,,,,2,6
1770234269.913571,MEDIUM,,,,2,6
1770234270.9402592,MEDIUM,,,,2,6
1770234271.9622355,MEDIUM,,,,2,6
1770234272.9852304,MEDIUM,,,,2,6
1770234273.994447,MEDIUM,,,,2,6
1770234275.0452347,MEDIUM,,,,2,6
1770234276.051455,MEDIUM,,,,2,6
1770234277.100187,MEDIUM,,,,2,6
1770234278.1009917,MEDIUM,,,,2,6
1770234279.1501093,MEDIUM,,,,2,6
1770234280.1504118,MEDIUM,,,,2,6
1770234281.2026772,MEDIUM,,,,2,6
1770234282.210343,MEDIUM,,,,2,6
1770234283.256679,MEDIUM,,,,2,6
1770234284.2602983,MEDIUM,,,,2,6
1770234285.3088667,MEDIUM,,,,2,6
1770234286.3335278,MEDIUM,,,,2,6
1770234287.356436,MEDIUM,,,,2,6
1770234288.3636773,MEDIUM,,,,2,6
1770234289.4122531,MEDIUM,,,,2,6
1770234290.4166028,MEDIUM,,,,2,6
1770234291.4638379,MEDIUM,,,,2,6
1770278234.164143,MEDIUM,,,,2,6
1770278235.1646607,MEDIUM,,,,2,6
1770278236.1829207,MEDIUM,,,,2,6
1770278237.1864283,MEDIUM,,,,2,6
1770278238.1893752,MEDIUM,,,,2,6
1770278239.207408,MEDIUM,,,,2,6
1770278240.228346,MEDIUM,,,,2,6
1770278241.2312403,MEDIUM,,,,2,6
1770278242.2567623,MEDIUM,,,,2,6
1770278243.2781985,MEDIUM,,,,2,6
1770278244.300026,MEDIUM,,,,2,6
1770278245.323409,MEDIUM,,,,1,6
1770278246.3459036,MEDIUM,,,,2,6
1770278247.367236,MEDIUM,,,,2,6
1770278248.383224,MEDIUM,,,,2,6
1770278249.4016447,MEDIUM,,,,2,6
1770278250.402173,MEDIUM,,,,2,6
1770278251.4246593,MEDIUM,,,,1,6
1770278252.4477491,MEDIUM,,,,2,6
1770278253.4713013,MEDIUM,,,,2,6
1770278254.4956322,MEDIUM,,,,2,6
1770278255.5154696,MEDIUM,,,,2,6
1770278256.539982,MEDIUM,,,,2,6
1770278257.5630443,MEDIUM,,,,2,6
1770278258.580797,MEDIUM,,,,1,6
1770278259.6057477,MEDIUM,,,,2,6
1770278260.6262627,MEDIUM,,,,2,6
1770278261.6505373,MEDIUM,,,,2,6
1770278262.6506248,MEDIUM,,,,2,6
1770278263.6690388,MEDIUM,,,,2,6
1770278264.6722622,MEDIUM,,,,2,6
1770278265.6909747,MEDIUM,,,,2,6
1770278266.7124658,MEDIUM,,,,2,6
1770278402.073612,MEDIUM,,,,2,6
1770278403.074201,MEDIUM,,,,2,6
1770278404.0960639,MEDIUM,,,,2,6
1770278405.119833,MEDIUM,,,,2,6
1770278406.6741626,MEDIUM,,,,2,6
1770278407.718342,MEDIUM,,,,2,6
1770278408.763162,MEDIUM,,,,2,6
1770278409.7939112,MEDIUM,,,,2,6
1770278410.8365448,MEDIUM,,,,2,6
1770278411.8759317,MEDIUM,,,,2,6
1770278412.9235973,MEDIUM,,,,2,6
1770278413.9704282,MEDIUM,,,,2,6
1770278415.0147464,MEDIUM,,,,2,6
1770278416.0621634,MEDIUM,,,,2,6
1770278417.1143594,MEDIUM,,,,2,6
1770278418.1590781,MEDIUM,,,,2,6
1770278419.2037385,MEDIUM,,,,2,6
1770278420.2498977,MEDIUM,,,,2,6
1770278421.2961738,MEDIUM,,,,2,6
1770278422.3397093,MEDIUM,,,,2,6
1770278423.385627,MEDIUM,,,,2,6
1770278424.4280763,MEDIUM,,,,2,6
1770278425.465408,MEDIUM,,,,2,6
1770278426.5028558,MEDIUM,,,,2,6
1770278427.5370655,MEDIUM,,,,2,6
1770278428.5760825,MEDIUM,,,,2,6
1770278429.616583,MEDIUM,,,,2,6
1770278430.653582,MEDIUM,,,,2,6
1770278431.6887221,MEDIUM,,,,2,6
1770278432.7257524,MEDIUM,,,,2,6
1770278433.7726846,MEDIUM,,,,2,6
1770278434.7884195,MEDIUM,,,,2,6
1770279233.6987164,MEDIUM,,,,2,6
1770279234.7240267,MEDIUM,,,,2,6
1770279235.746491,MEDIUM,,,,2,6
1770279236.7692788,MEDIUM,,,,2,6
1770279237.7952375,MEDIUM,,,,2,6
1770279238.8166707,MEDIUM,,,,2,6
1770279239.8392317,MEDIUM,,,,2,6
1770279240.8486338,MEDIUM,,,,2,6
1770279241.8674717,MEDIUM,,,,2,6
1770279242.891598,MEDIUM,,,,2,6
1770279243.9043968,MEDIUM,,,,2,6
1770279244.9283147,MEDIUM,,,,2,6
1770279245.93103,MEDIUM,,,,2,6
1770279246.955798,MEDIUM,,,,1,6
1770279247.9794862,MEDIUM,,,,2,6
1770279248.9833305,MEDIUM,,,,2,6
1770279250.0041935,MEDIUM,,,,2,6
1770279251.0222812,MEDIUM,,,,2,6
1770279252.0422425,MEDIUM,,,,2,6
1770279253.0590882,MEDIUM,,,,2,6
1770279254.0790324,MEDIUM,,,,2,6
1770279255.0970757,MEDIUM,,,,2,6
1770279256.1186302,MEDIUM,,,,1,6
1770279257.143391,MEDIUM,,,,2,6
1770279258.1618788,MEDIUM,,,,2,6
1770279259.1800609,MEDIUM,,,,2,6
1770279260.2013748,MEDIUM,,,,2,6
1770279261.2218707,MEDIUM,,,,2,6
1770279262.2442548,MEDIUM,,,,2,6
1770279263.2452173,MEDIUM,,,,2,6
1770279264.2699594,MEDIUM,,,,2,6
1770279265.2927997,MEDIUM,,,,2,6
1770279266.3150818,MEDIUM,,,,2,6
1770279267.3359494,MEDIUM,,,,2,6
1770279268.36049,MEDIUM,,,,2,6
1770279269.3841808,MEDIUM,,,,1,6
1770279270.4081488,MEDIUM,,,,2,6
1770279271.4324794,MEDIUM,,,,2,6
1770279272.456029,MEDIUM,,,,1,6
1770279273.4779892,MEDIUM,,,,2,6
1770279274.4971159,MEDIUM,,,,2,6
1770279275.5130472,MEDIUM,,,,2,6
1770279276.53484,MEDIUM,,,,2,6
1770279277.5551076,MEDIUM,,,,2,6
1770279278.5772538,MEDIUM,,,,2,6
1770279279.5793126,MEDIUM,,,,2,6
1770279280.6020987,MEDIUM,,,,2,6
1770279281.624052,MEDIUM,,,,2,6
1770279282.6243062,MEDIUM,,,,2,6
1770279283.6436875,MEDIUM,,,,2,6
1770279284.645887,MEDIUM,,,,2,6
1770279285.6636765,MEDIUM,,,,2,6
1770279286.6673203,MEDIUM,,,,2,6
1770279287.6855478,MEDIUM,,,,2,6
1770279288.7099738,MEDIUM,,,,2,6
1770279289.7289548,MEDIUM,,,,2,6
1770279291.2271028,MEDIUM,,,,2,6
1770281473.4559438,MEDIUM,,,,2,6
1770281474.4829428,MEDIUM,,,,2,6
1770281475.5070574,MEDIUM,,,,2,6
1770281476.5299072,MEDIUM,,,,2,6
1770281477.5531902,MEDIUM,,,,2,6
1770281478.577546,MEDIUM,,,,2,6
1770281479.59605,MEDIUM,,,,2,6
1770281480.598174,MEDIUM,,,,2,6
1770281481.622062,MEDIUM,,,,2,6
1770281482.6411757,MEDIUM,,,,2,6
1770281483.6620336,MEDIUM,,,,2,6
1770281484.6853046,MEDIUM,,,,2,6
1770350309.5140705,MEDIUM,,,,2,6
1770350310.5155792,MEDIUM,,,,2,6
1770350311.525185,MEDIUM,,,,2,6
1770350312.544131,MEDIUM,,,,2,6
1770350313.7119079,MEDIUM,,,,2,6
1770350314.754655,MEDIUM,,,,2,6
1770350315.7699368,MEDIUM,,,,2,6
1770350316.7875905,MEDIUM,,,,2,6
1770350317.7917333,MEDIUM,,,,2,6
1770350318.8598943,MEDIUM,,,,2,6
1770350319.9746644,MEDIUM,,,,2,6
1770350321.0830538,MEDIUM,,,,2,6
1770350322.1917596,MEDIUM,,,,2,6
1770350323.3080418,MEDIUM,,,,2,6
1770350324.4169557,MEDIUM,,,,2,6
1770350325.532246,MEDIUM,,,,2,6
1770350326.6343024,MEDIUM,,,,2,6
1770350327.750547,MEDIUM,,,,2,6
1770350328.8566895,MEDIUM,,,,2,6
1770350329.9634979,MEDIUM,,,,2,6
1770350331.0645797,MEDIUM,,,,2,6
1770350332.16907,MEDIUM,,,,2,6
1770350333.273233,MEDIUM,,,,2,6
1770350334.3810334,MEDIUM,,,,2,6
1770350335.4933686,MEDIUM,,,,2,6
1770350336.6260526,MEDIUM,,,,2,6
1770350337.7312124,MEDIUM,,,,2,6
1770350338.8326485,MEDIUM,,,,2,6
1770350339.9403646,MEDIUM,,,,2,6
1770632582.9477444,MEDIUM,,,,2,6
1770632583.957662,MEDIUM,,,,2,6
1770632584.983434,MEDIUM,,,,2,6
1770632586.0013747,MEDIUM,,,,2,6
1770632587.025114,MEDIUM,,,,2,6
1770632588.0471506,MEDIUM,,,,2,6
1770632589.0486124,MEDIUM,,,,2,6
1770632590.0683107,MEDIUM,,,,2,6
1770632591.0708995,MEDIUM,,,,2,6
1770632592.0776417,MEDIUM,,,,2,6
1770632593.0975857,MEDIUM,,,,2,6
1770632594.1182199,MEDIUM,,,,1,6
1770632595.120038,MEDIUM,,,,2,6
1770632596.1389215,MEDIUM,,,,2,6
1770632597.13976,MEDIUM,,,,2,6
1770632598.161809,MEDIUM,,,,2,6
1770632599.1860578,MEDIUM,,,,2,6
1770632600.212794,MEDIUM,,,,2,6
1770632601.235289,MEDIUM,,,,2,6
1770632602.255665,MEDIUM,,,,2,6
1770633173.1489003,MEDIUM,,,,2,6
1770633174.2367914,MEDIUM,,,,2,6
1770633175.3777754,MEDIUM,,,,2,6
1770633176.4110894,MEDIUM,,,,2,6
1770633177.4886758,MEDIUM,,,,2,6
1770633178.544954,MEDIUM,,,,2,6
1770633179.6097775,MEDIUM,,,,2,6
1770633180.6874177,MEDIUM,,,,2,6
1770633181.7513692,MEDIUM,,,,2,6
1770633182.7995448,MEDIUM,,,,2,6
1770633183.8620698,MEDIUM,,,,2,6
1770633184.9244816,MEDIUM,,,,2,6
1770633803.75378,MEDIUM,,,,2,6
1770633804.790604,MEDIUM,,,,2,6
1770633805.819932,MEDIUM,,,,2,6
1770633806.8571913,MEDIUM,,,,2,6
1770633807.8919296,MEDIUM,,,,2,6
1770633808.9124992,MEDIUM,,,,2,6
1770633809.9878085,MEDIUM,,,,2,6
1770633880.7138014,MEDIUM,,,,2,6
1770633881.7395356,MEDIUM,,,,2,6
1770633882.7569518,MEDIUM,,,,2,6
1770633883.7790158,MEDIUM,,,,2,6
1770633884.7821162,MEDIUM,,,,2,6
1770633885.8018742,MEDIUM,,,,2,6
1770633886.8036025,MEDIUM,,,,2,6
1770633887.8264587,MEDIUM,,,,2,6
1770633888.851264,MEDIUM,,,,2,6
1770633889.855017,MEDIUM,,,,2,6
1770633890.8758812,MEDIUM,,,,2,6
1770633891.898496,MEDIUM,,,,1,6
1771794031.4249363,MEDIUM,,,,2,6
1771794033.117663,MEDIUM,,,,2,6
1771794034.8075724,MEDIUM,,,,2,6
1771794035.9268079,MEDIUM,,,,2,6
1771794037.0424285,MEDIUM,,,,2,6
1771794038.1491704,MEDIUM,,,,2,6
1771794039.252046,MEDIUM,,,,2,6
1771794040.3605554,MEDIUM,,,,2,6
